Traveling from,Afghanistan,Albania,Algeria,Andorra,Angola,Antigua and Barbuda,Argentina,Armenia,Australia,Austria,Azerbaijan,Bahamas,Bahrain,Bangladesh,Barbados,Belarus,Belgium,Belize,Benin,Bhutan,Bolivia,Bosnia and Herzegovina,Botswana,Brazil,Brunei,Bulgaria,Burkina Faso,Burundi,Cambodia,Cameroon,Canada,Cape Verde,Central African Republic,Chad,Chile,China,Colombia,Comoros,Congo,DR Congo,Costa Rica,Ivory Coast,Croatia,Cuba,Cyprus,Czech Republic,Denmark,Djibouti,Dominica,Dominican Republic,Ecuador,Egypt,El Salvador,Equatorial Guinea,Eritrea,Estonia,Swaziland,Ethiopia,Fiji,Finland,France,French Guiana,Gabon,Gambia,Georgia,Germany,Ghana,Greece,Greenland,Grenada,Guatemala,Guinea,Guinea-Bissau,Guyana,Haiti,Honduras,Hong Kong,Hungary,Iceland,India,Indonesia,Iran,Iraq,Ireland,Israel,Italy,Jamaica,Japan,Jordan,Kazakhstan,Kenya,Kiribati,Kosovo,Kuwait,Kyrgyzstan,Laos,Latvia,Lebanon,Lesotho,Liberia,Libya,Liechtenstein,Lithuania,Luxembourg,Macao,Madagascar,Malawi,Malaysia,Maldives,Mali,Malta,Marshall Islands,Mauritania,Mauritius,Mexico,Micronesia,Moldova,Monaco,Mongolia,Montenegro,Morocco,Mozambique,Myanmar,Namibia,Nauru,Nepal,Netherlands,New Zealand,Nicaragua,Niger,Nigeria,North Korea,North Macedonia,Norway,Oman,Pakistan,Palau,Palestine,Panama,Papua New Guinea,Paraguay,Peru,Philippines,Poland,Portugal,Qatar,Romania,Russian Federation,Rwanda,Saint Kitts and Nevis,Saint Lucia,Samoa,San Marino,Sao Tome and Principe,Saudi Arabia,Senegal,Serbia,Seychelles,Sierra Leone,Singapore,Slovakia,Slovenia,Solomon Islands,Somalia,South Africa,South Korea,South Sudan,Spain,Sri Lanka,Saint Vincent and the Grenadines,Sudan,Suriname,Sweden,Switzerland,Syria,Taiwan,Tajikistan,Tanzania,Thailand,Timor-Leste,Togo,Tonga,Trinidad and Tobago,Tunisia,Turkey,Turkmenistan,Tuvalu,Uganda,Ukraine,United Arab Emirates,United Kingdom,United States,Uruguay,Uzbekistan,Vanuatu,Vatican,Venezuela,Viet Nam,Western Sahara,Yemen,Zambia,Zimbabwe
Afghanistan,-1,0,0,0,0,5,0,0,0,0,3,0,1,3,1,1,0,0,1,0,0,0,0,0,0,0,0,1,3,0,0,0,0,5,0,0,0,0,0,1,0,0,0,0,0,0,0,0,0,0,0,0,0,0,5,0,0,1,1,0,0,,0,0,0,0,0,0,0,0,0,1,3,0,0,0,0,0,0,0,0,5,1,1,0,0,0,1,0,0,0,1,5,0,0,0,0,0,0,1,0,0,0,0,0,0,5,0,5,0,0,0,0,0,5,0,0,0,0,0,0,1,0,0,5,0,0,0,5,0,5,,0,0,0,1,0,0,0,1,0,0,0,0,0,0,0,0,0,0,0,3,0,0,0,0,5,0,0,0,0,0,0,0,0,1,3,0,0,1,0,0,0,0,,0,1,5,0,0,0,1,0,1,1,3,1,0,0,0,1,5,0,0,0,0,0,0,,,5,0
Albania,1,-1,0,0,0,5,0,0,0,0,3,0,1,3,1,1,0,0,1,0,0,0,0,0,0,0,0,1,3,0,0,0,0,5,0,0,0,0,0,1,0,0,0,0,0,0,0,0,0,0,0,0,0,0,5,0,0,1,1,0,0,,0,0,0,0,0,0,0,0,0,1,3,0,0,0,0,0,0,0,0,5,1,1,0,0,0,0,0,0,0,1,5,0,0,0,0,0,0,1,0,0,0,0,0,0,5,0,5,0,0,0,0,0,5,0,0,0,0,5,0,1,0,0,5,0,0,0,5,0,5,,0,0,0,1,0,0,0,1,0,0,0,0,0,0,0,0,0,0,0,3,0,0,0,0,5,0,0,0,0,0,0,0,0,1,3,0,0,1,0,0,0,0,,0,1,5,0,0,0,1,0,1,1,3,1,0,0,0,1,5,0,0,0,0,0,0,,,5,0
Algeria,1,0,-1,0,0,5,0,0,0,0,3,0,1,3,1,1,0,0,1,0,0,0,0,0,0,0,0,1,3,0,0,0,0,5,0,0,0,0,0,1,0,0,0,0,0,0,0,0,0,0,0,0,0,0,5,0,0,1,1,0,0,,0,0,0,0,0,0,0,0,0,1,3,0,0,0,0,0,0,0,0,5,1,1,0,0,0,1,0,0,0,1,5,0,0,0,0,0,0,1,0,0,0,0,0,0,5,0,5,0,0,0,0,0,5,0,0,0,0,0,0,1,0,0,5,0,0,0,5,0,5,,0,0,0,1,0,0,0,1,0,0,0,0,0,0,0,0,0,0,0,3,0,0,0,0,5,0,0,0,0,0,0,0,0,1,3,0,0,1,0,0,0,0,,0,1,5,0,0,0,1,0,1,0,3,1,0,0,0,1,5,0,0,0,0,0,0,,,5,0
Andorra,1,0,0,-1,0,5,0,0,0,0,3,0,1,3,1,1,0,0,1,0,0,0,0,0,0,1,0,1,3,0,0,0,0,5,0,0,0,0,0,1,0,0,0,0,0,0,0,0,0,0,0,0,0,0,5,0,0,1,1,0,0,,0,0,0,0,0,1,0,0,0,1,3,0,0,0,0,0,0,0,0,5,1,1,0,0,0,0,0,0,0,1,5,0,0,0,0,0,0,1,0,0,0,5,0,0,5,0,5,0,0,0,0,0,5,0,0,0,0,0,0,1,0,0,5,0,0,0,5,0,5,,0,0,0,1,0,0,0,1,0,0,0,0,0,0,0,0,0,0,0,3,0,0,0,0,5,0,0,0,0,0,0,0,0,1,3,0,0,1,0,0,0,0,,0,1,5,0,0,0,1,0,1,1,3,1,0,0,0,1,0,0,0,0,0,0,0,,,5,0
Angola,1,0,0,0,-1,5,0,0,0,0,3,0,1,3,1,1,0,0,1,0,0,0,0,0,0,0,0,1,3,0,0,0,0,5,0,0,0,0,0,1,0,0,0,0,0,0,0,0,0,0,0,0,0,0,5,0,0,1,1,0,0,,0,0,0,0,0,0,0,0,0,1,3,0,0,0,0,0,0,0,0,5,1,1,0,0,0,1,0,0,0,1,5,0,0,0,0,0,0,1,0,0,0,0,0,0,5,0,5,0,0,0,0,0,5,0,0,0,0,0,0,1,0,0,5,0,0,0,5,0,5,,0,0,0,1,0,0,0,1,0,0,0,0,0,0,0,0,0,0,0,3,0,0,0,0,5,0,0,0,0,0,0,0,0,1,3,0,0,1,0,0,0,0,,0,1,5,0,0,0,1,0,1,0,3,1,0,0,0,1,5,0,0,0,0,0,0,,,5,0
Antigua and Barbuda,1,0,0,0,0,-1,0,0,0,0,3,0,1,3,1,1,0,0,1,0,0,0,0,0,0,0,0,1,3,0,0,0,0,5,0,0,0,0,0,1,0,0,0,0,0,0,0,0,0,0,0,0,0,0,5,0,0,1,1,0,0,,0,0,0,0,0,0,0,0,0,1,3,0,0,0,0,0,0,0,0,5,1,1,0,0,0,1,0,0,0,1,5,0,0,0,0,0,0,1,0,0,0,0,0,0,5,0,5,0,0,0,0,0,5,0,0,0,0,0,0,1,0,0,5,0,0,0,5,0,5,,0,0,0,1,0,0,0,1,0,0,0,0,0,0,0,0,0,0,0,3,0,0,0,0,5,0,0,0,0,0,0,0,0,1,3,0,0,1,0,0,0,0,,0,1,5,0,0,0,1,0,1,1,3,1,0,0,0,1,5,0,0,0,0,0,0,,,5,0
Argentina,1,0,0,0,0,5,-1,0,0,0,3,0,1,3,1,1,0,0,1,0,0,0,0,0,0,0,0,1,3,0,0,0,0,5,0,0,0,0,0,1,0,0,0,0,0,0,0,0,0,0,0,0,0,0,5,0,0,1,1,0,0,,0,0,0,0,0,0,0,0,0,1,3,0,0,0,0,0,0,0,0,5,1,1,0,0,0,1,0,0,0,1,5,0,0,0,0,0,0,1,0,0,0,0,0,0,5,0,5,0,0,0,0,0,5,0,0,0,0,0,0,1,0,0,5,0,0,0,5,0,5,,0,0,0,1,0,0,0,1,0,0,0,0,0,0,0,0,0,0,0,3,0,0,0,0,5,0,0,0,0,0,0,0,0,1,3,0,0,1,0,0,0,0,,0,1,5,0,0,0,1,0,1,1,3,1,0,0,0,1,5,0,0,0,0,0,0,,,5,0
Armenia,1,0,0,0,0,5,0,-1,0,0,3,0,1,3,1,1,0,0,1,0,0,0,0,0,0,0,0,1,3,0,0,0,0,5,0,0,0,0,0,1,0,0,0,0,0,0,0,0,0,0,0,0,0,0,5,0,0,1,1,0,0,,0,0,0,0,0,0,0,0,0,1,3,0,0,0,0,0,0,0,0,5,1,1,0,0,0,0,0,0,0,1,5,0,0,0,0,0,0,1,0,0,0,0,0,0,5,0,5,0,0,0,0,0,5,0,0,0,0,0,0,1,0,0,5,0,0,0,5,0,5,,0,0,0,1,0,0,0,1,0,0,0,0,0,0,0,0,0,0,0,3,0,0,0,0,5,0,0,0,0,0,0,0,0,1,3,0,0,1,0,0,0,0,,0,1,5,0,0,0,1,0,1,1,3,1,0,0,0,1,5,0,0,0,0,0,0,,,5,0
Australia,1,0,0,0,0,5,0,0,-1,0,3,0,1,3,1,1,0,0,1,0,0,0,0,0,0,0,0,1,3,0,0,0,0,5,0,0,0,0,0,1,0,0,0,0,0,0,0,0,0,0,0,0,0,0,5,0,0,1,1,0,0,,0,0,0,0,0,0,0,0,0,1,3,0,0,0,0,0,0,0,0,5,1,1,0,0,0,0,0,0,0,1,5,0,0,0,0,0,0,1,0,0,0,0,0,0,5,0,5,0,0,0,0,0,5,0,0,0,0,0,0,1,0,0,5,0,0,0,5,0,5,,0,0,0,1,0,0,0,1,0,0,0,0,0,0,0,0,0,0,0,0,0,0,0,0,5,0,0,0,0,0,0,0,0,1,3,0,0,1,0,0,0,0,,0,1,5,0,0,0,1,0,1,1,3,1,0,0,0,1,5,0,0,0,5,0,0,,,5,0
Austria,1,0,0,0,0,0,0,0,0,-1,3,0,1,0,1,1,0,0,1,0,0,0,0,0,0,1,0,1,3,0,0,0,0,5,0,0,0,0,0,1,0,0,0,0,0,0,0,0,0,0,0,0,0,0,5,1,0,1,0,0,0,,0,0,0,0,0,1,0,0,0,1,3,0,0,0,0,1,1,0,0,5,1,1,0,5,0,0,0,0,0,1,5,0,0,0,5,0,0,1,0,0,0,5,0,0,1,0,5,0,0,0,0,0,5,0,0,0,0,0,0,1,0,0,5,0,5,0,5,0,5,,0,0,0,1,0,0,0,1,0,0,0,0,0,0,1,0,0,0,0,0,0,0,0,0,5,0,0,0,0,5,0,0,0,1,3,1,0,1,0,0,5,0,,0,1,5,0,0,0,1,0,1,0,3,1,0,0,0,1,0,0,0,0,0,0,0,,,5,0
Azerbaijan,1,0,0,0,0,5,0,0,0,0,-1,0,1,3,1,1,0,0,1,0,0,0,0,0,0,0,0,1,3,0,0,0,0,5,0,0,0,0,0,1,0,0,0,0,0,0,0,0,0,0,0,0,0,0,5,0,0,1,1,0,0,,0,0,0,0,0,0,0,0,0,1,3,0,0,0,0,0,0,0,0,5,1,1,0,0,0,1,0,0,0,1,5,0,0,0,0,0,0,1,0,0,0,0,0,0,5,0,5,0,0,0,0,0,5,0,0,0,0,0,0,1,0,0,5,0,0,0,5,0,5,,0,0,0,1,0,0,0,1,0,0,0,0,0,0,0,0,0,0,0,3,0,0,0,0,5,0,0,0,0,0,0,0,0,1,3,0,0,1,0,0,0,0,,0,1,5,0,0,0,1,0,1,0,3,1,0,0,0,1,5,0,0,0,0,0,0,,,5,0
Bahamas,1,0,0,0,0,5,0,0,0,0,3,-1,1,3,1,1,0,0,1,0,0,0,0,0,0,0,0,1,3,0,0,0,0,5,0,0,0,0,0,1,0,0,0,0,0,0,0,0,0,0,0,0,0,0,5,0,0,1,1,0,0,,0,0,0,0,0,0,0,0,0,1,3,0,0,0,0,0,0,0,0,5,1,1,0,0,0,1,0,0,0,1,5,0,0,0,0,0,0,1,0,0,0,0,0,0,5,0,5,0,0,0,0,0,5,0,0,0,0,0,0,1,0,0,5,0,0,0,5,0,5,,0,0,0,1,0,0,0,1,0,0,0,0,0,0,0,0,0,0,0,3,0,0,0,0,5,0,0,0,0,0,0,0,0,1,3,0,0,1,0,0,0,0,,0,1,5,0,0,0,1,0,1,1,3,1,0,0,0,1,5,0,0,0,0,0,0,,,5,0
Bahrain,1,0,0,0,0,5,0,0,0,0,3,0,-1,3,1,1,0,0,1,0,0,0,0,0,0,0,0,1,3,0,0,0,0,5,0,0,0,0,0,1,0,0,0,0,0,0,0,0,0,0,0,0,0,0,5,0,0,1,1,0,0,,0,0,0,0,0,0,0,0,0,1,3,0,0,0,0,0,0,0,0,5,1,1,0,0,0,0,0,0,0,1,5,0,0,0,0,0,0,1,0,0,0,0,0,0,5,0,5,0,0,0,0,0,5,0,0,0,0,0,0,1,0,0,5,0,0,0,5,0,5,,0,0,0,1,0,0,0,1,0,0,0,0,0,0,0,0,0,0,0,0,0,0,0,0,5,0,0,0,0,0,0,0,0,1,3,0,0,1,0,0,0,0,,0,1,5,0,0,0,1,0,1,1,3,1,0,0,0,1,5,0,0,0,0,0,0,,,5,0
Bangladesh,1,0,0,0,0,5,0,0,0,0,3,0,1,-1,1,1,0,0,1,0,0,0,0,0,0,0,0,1,3,0,0,0,0,5,0,0,0,0,0,1,0,0,0,0,0,0,0,0,0,0,0,0,0,0,5,0,0,1,1,0,0,,0,0,0,0,0,0,0,0,0,1,3,0,0,0,0,0,0,0,0,5,1,1,0,0,0,1,0,0,0,1,5,0,0,0,0,0,0,1,0,0,0,0,0,0,5,0,0,0,0,0,0,0,5,0,0,0,0,0,0,1,0,0,5,0,0,0,5,0,5,,0,0,0,1,0,0,0,1,0,0,0,0,0,0,0,0,0,0,0,3,0,0,0,0,5,0,0,0,0,0,0,0,0,1,3,0,0,1,0,0,0,0,,0,1,5,0,0,0,1,0,1,0,3,1,0,0,0,1,5,0,0,0,0,0,0,,,5,0
Barbados,1,0,0,0,0,5,0,0,0,0,3,0,1,3,-1,1,0,0,1,0,0,0,0,0,0,0,0,1,3,0,0,0,0,5,0,0,0,0,0,1,0,0,0,0,0,0,0,0,0,0,0,0,0,0,5,0,0,1,1,0,0,,0,0,0,0,0,0,0,0,0,1,3,0,0,0,0,0,0,0,0,5,1,1,0,0,0,1,0,0,0,1,5,0,0,0,0,0,0,1,0,0,0,0,0,0,5,0,5,0,0,0,0,0,5,0,0,0,0,0,0,1,0,0,5,0,0,0,5,0,5,,0,0,0,1,0,0,0,1,0,0,0,0,0,0,0,0,0,0,0,3,0,0,0,0,5,0,0,0,0,0,0,0,0,1,3,0,0,1,0,0,0,0,,0,1,5,0,0,0,1,0,1,1,3,1,0,0,0,1,5,0,0,0,0,0,0,,,5,0
Belarus,1,0,0,0,0,5,0,0,0,0,3,0,1,3,1,-1,0,0,1,0,0,0,0,0,0,0,0,1,3,0,0,0,0,5,0,0,0,0,0,1,0,0,0,0,0,0,0,0,0,0,0,0,0,0,5,0,0,1,1,0,0,,0,0,0,0,0,0,0,0,0,1,3,0,0,0,0,0,0,0,0,5,1,1,0,0,0,1,0,0,0,1,5,0,0,0,0,0,0,1,0,0,0,0,0,0,5,0,5,0,0,0,0,0,5,0,0,0,0,0,0,1,0,0,5,0,0,0,5,0,5,,0,0,0,1,0,0,0,1,0,0,0,0,0,0,0,0,0,0,0,3,0,0,0,0,5,0,0,0,0,0,0,0,0,1,3,0,0,1,0,0,0,0,,0,1,5,0,0,0,1,0,1,1,3,1,0,0,0,1,5,0,0,0,0,0,0,,,5,0
Belgium,1,0,0,0,0,0,0,0,0,3,3,0,1,0,1,1,-1,0,1,0,0,0,0,0,0,1,0,1,3,0,0,0,0,5,0,0,0,0,0,1,0,0,0,0,0,0,0,0,0,0,0,0,0,0,5,1,0,1,0,0,0,,0,0,0,0,0,1,0,0,0,1,3,0,0,0,0,1,1,0,0,5,1,1,0,5,0,0,0,0,0,1,5,0,0,0,1,0,0,1,0,0,0,5,0,0,1,0,5,0,0,0,0,0,5,0,0,0,0,0,0,1,0,0,5,0,5,0,5,0,5,,0,0,0,1,0,0,0,1,0,0,0,0,0,0,1,0,0,0,0,0,0,0,0,0,5,0,0,0,0,5,0,0,0,1,3,1,0,1,0,0,5,0,,0,1,5,0,0,0,1,0,1,0,3,1,0,0,0,1,0,0,0,0,0,0,0,,,5,0
Belize,1,0,0,0,0,5,0,0,0,0,3,0,1,3,1,1,0,-1,1,0,0,0,0,0,0,0,0,1,3,0,0,0,0,5,0,0,0,0,0,1,0,0,0,0,0,0,0,0,0,0,0,0,0,0,5,0,0,1,1,0,0,,0,0,0,0,0,1,0,0,0,1,3,0,0,0,0,0,0,0,0,5,1,1,0,0,0,1,0,0,0,1,5,0,0,0,0,0,0,1,0,0,0,0,0,0,5,0,5,0,0,0,0,0,5,0,0,0,0,0,0,1,0,0,5,0,0,0,5,0,5,,0,0,0,1,0,0,0,1,0,0,0,0,0,0,0,0,0,0,0,3,0,0,0,0,5,0,0,0,0,0,0,0,0,1,3,0,0,1,0,0,0,0,,0,1,5,0,0,0,1,0,1,1,3,1,0,0,0,1,5,0,0,0,0,0,0,,,5,0
Benin,1,0,0,0,0,5,0,0,0,0,3,0,1,3,1,1,0,0,-1,0,0,0,0,0,0,0,0,1,3,0,0,0,0,5,0,0,0,0,0,1,0,0,0,0,0,0,0,0,0,0,0,0,0,0,5,0,0,1,1,0,0,,0,0,0,0,0,0,0,0,0,1,3,0,0,0,0,0,0,0,0,5,1,1,0,0,0,1,0,0,0,1,5,0,0,0,0,0,0,1,0,0,0,0,0,0,5,0,5,0,0,0,0,0,5,0,0,0,0,0,0,1,0,0,5,0,0,0,5,0,5,,0,0,0,1,0,0,0,1,0,0,0,0,0,0,0,0,0,0,0,3,0,0,0,0,5,0,0,0,0,0,0,0,0,1,3,0,0,1,0,0,0,0,,0,1,5,0,0,0,1,0,1,1,3,1,0,0,0,1,5,0,0,0,0,0,0,,,5,0
Bhutan,1,0,0,0,0,5,0,0,0,0,3,0,1,3,1,1,0,0,1,-1,0,0,0,0,0,0,0,1,3,0,0,0,0,5,0,0,0,0,0,1,0,0,0,0,0,0,0,0,0,0,0,0,0,0,5,0,0,1,1,0,0,,0,0,0,0,0,0,0,0,0,1,3,0,0,0,0,0,0,0,0,5,1,1,0,0,0,1,0,0,0,1,5,0,0,0,0,0,0,1,0,0,0,0,0,0,5,0,5,0,0,0,0,0,5,0,0,0,0,0,0,1,0,0,5,0,0,0,5,0,5,,0,0,0,1,0,0,0,1,0,0,0,0,0,0,0,0,0,0,0,3,0,0,0,0,5,0,0,0,0,0,0,0,0,1,3,0,0,1,0,0,0,0,,0,1,5,0,0,0,1,0,1,1,3,1,0,0,0,1,5,0,0,0,0,0,0,,,5,0
Bolivia,1,0,0,0,0,5,0,0,0,0,3,0,1,3,1,1,0,0,1,0,-1,0,0,0,0,0,0,1,3,0,0,0,0,5,0,0,0,0,0,1,0,0,0,0,0,0,0,0,0,0,0,0,0,0,5,0,0,1,1,0,0,,0,0,0,0,0,0,0,0,0,1,3,0,0,0,0,0,0,0,0,5,1,1,0,0,0,0,0,0,0,1,5,0,0,0,0,0,0,1,0,0,0,0,0,0,5,0,5,0,0,0,0,0,5,0,0,0,0,0,0,1,0,0,5,0,0,0,5,0,5,,0,0,0,1,0,0,0,1,0,0,0,0,0,0,0,0,0,0,0,3,0,0,0,0,5,0,0,0,0,0,0,0,0,1,3,0,0,1,0,0,0,0,,0,1,5,0,0,0,1,0,1,1,3,1,0,0,0,1,5,0,0,0,0,0,0,,,5,0
Bosnia and Herzegovina,1,0,0,0,0,5,0,0,0,0,3,0,1,3,1,1,0,0,1,0,0,-1,0,0,0,1,0,1,3,0,0,0,0,5,0,0,0,0,0,1,0,0,0,0,0,0,0,0,0,0,0,0,0,0,5,0,0,1,1,0,0,,0,0,0,0,0,0,0,0,0,1,3,0,0,0,0,0,0,0,0,5,1,1,0,0,0,0,0,0,0,1,5,0,0,0,0,0,0,1,0,0,0,0,0,0,5,0,5,0,0,0,0,0,5,0,0,0,0,5,0,1,0,0,5,0,0,0,5,0,5,,0,0,0,1,0,0,0,1,0,0,0,0,0,0,0,0,0,0,0,3,0,0,0,0,5,0,0,0,0,0,0,0,0,1,3,0,0,1,0,0,0,0,,0,1,5,0,0,0,1,0,1,1,3,1,0,0,0,1,5,0,0,0,0,0,0,,,5,0
Botswana,1,0,0,0,0,5,0,0,0,0,3,0,1,3,1,1,0,0,1,0,0,0,-1,0,0,0,0,1,3,0,0,0,0,5,0,0,0,0,0,1,0,0,0,0,0,0,0,0,0,0,0,0,0,0,5,0,0,1,1,0,0,,0,0,0,0,0,0,0,0,0,1,3,0,0,0,0,0,0,0,0,5,1,1,0,0,0,1,0,0,0,1,5,0,0,0,0,0,0,1,0,0,0,0,0,0,5,0,5,0,0,0,0,0,5,0,0,0,0,0,0,1,0,0,5,0,0,0,5,0,5,,0,0,0,1,0,0,0,1,0,0,0,0,0,0,0,0,0,0,0,3,0,0,0,0,5,0,0,0,0,0,0,0,0,1,3,0,0,1,0,0,0,0,,0,1,5,0,0,0,1,0,1,1,3,1,0,0,0,1,5,0,0,0,0,0,0,,,5,0
Brazil,1,0,0,0,0,5,0,0,0,0,3,0,1,3,1,1,0,0,1,0,0,0,0,-1,0,0,0,1,3,0,0,0,0,5,0,0,0,0,0,1,0,0,0,0,0,0,0,0,0,0,0,0,0,0,5,0,0,1,1,0,0,,0,0,0,0,0,0,0,0,0,1,3,0,0,0,0,0,0,0,0,5,1,1,0,0,0,0,0,0,0,1,5,0,0,0,0,0,0,1,0,0,0,0,0,0,5,0,5,0,0,0,0,0,5,0,0,0,0,0,0,1,0,0,5,0,0,0,5,0,5,,0,0,0,1,0,0,0,1,0,0,0,0,0,0,0,0,0,0,0,3,0,0,0,0,5,0,0,0,0,0,0,0,0,1,3,0,0,1,0,0,0,0,,0,1,5,0,0,0,1,0,1,1,3,1,0,0,0,1,0,0,0,0,0,0,0,,,5,0
Brunei,1,0,0,0,0,5,0,0,0,0,3,0,1,3,1,1,0,0,1,0,0,0,0,0,-1,0,0,1,3,0,0,0,0,5,0,0,0,0,0,1,0,0,0,0,0,0,0,0,0,0,0,0,0,0,5,0,0,1,1,0,0,,0,0,0,0,0,0,0,0,0,1,3,0,0,0,0,0,0,0,0,5,1,1,0,0,0,0,0,0,0,1,5,0,0,0,0,0,0,1,0,0,0,0,0,0,5,0,5,0,0,0,0,0,5,0,0,0,0,0,0,1,0,0,5,0,0,0,5,0,5,,0,0,0,1,0,0,0,1,0,0,0,0,0,0,0,0,0,0,0,3,0,0,0,0,5,0,0,0,0,0,0,0,0,1,3,0,0,1,0,0,0,0,,0,1,5,0,0,0,1,0,1,1,3,1,0,0,0,1,5,0,0,0,0,0,0,,,5,0
Bulgaria,1,0,0,0,0,0,0,0,0,3,3,0,1,0,1,1,0,0,1,0,0,0,0,0,0,-1,0,1,3,0,0,0,0,5,0,0,0,0,0,1,0,0,0,0,0,0,0,0,0,0,0,0,0,0,5,1,0,1,0,0,0,,0,0,0,0,0,1,0,0,0,1,3,0,0,0,0,1,1,0,0,5,1,1,0,5,0,0,0,0,0,1,5,0,0,0,5,0,0,1,0,0,0,5,0,0,1,0,5,0,0,0,0,0,5,0,0,0,0,0,0,1,0,0,5,0,5,0,5,0,5,,0,0,0,1,0,0,0,1,0,0,0,0,0,0,1,0,0,0,0,3,0,0,0,0,5,0,0,0,0,5,0,0,0,1,3,1,0,1,0,0,5,0,,0,1,5,0,0,0,1,0,1,0,3,1,0,0,0,1,5,0,0,0,0,0,0,,,5,0
Burkina Faso,1,0,0,0,0,5,0,0,0,0,3,0,1,3,1,1,0,0,1,0,0,0,0,0,0,0,-1,1,3,0,0,0,0,5,0,0,0,0,0,1,0,0,0,0,0,0,0,0,0,0,0,0,0,0,5,0,0,1,1,0,0,,0,0,0,0,0,0,0,0,0,1,3,0,0,0,0,0,0,0,0,5,1,1,0,0,0,1,0,0,0,1,5,0,0,0,0,0,0,1,0,0,0,0,0,0,5,0,5,0,0,0,0,0,5,0,0,0,0,0,0,1,0,0,5,0,0,0,5,0,5,,0,0,0,1,0,0,0,1,0,0,0,0,0,0,0,0,0,0,0,3,0,0,0,0,5,0,0,0,0,0,0,0,0,1,3,0,0,1,0,0,0,0,,0,1,5,0,0,0,1,0,1,1,3,1,0,0,0,1,5,0,0,0,0,0,0,,,5,0
Burundi,1,0,0,0,0,5,0,0,0,0,3,0,1,3,1,1,0,0,1,0,0,0,0,0,0,0,0,-1,3,0,0,0,0,5,0,0,0,0,0,1,0,0,0,0,0,0,0,0,0,0,0,0,0,0,5,0,0,1,1,0,0,,0,0,0,0,0,0,0,0,0,1,3,0,0,0,0,0,0,0,0,5,1,1,0,0,0,1,0,0,0,1,5,0,0,0,0,0,0,1,0,0,0,0,0,0,5,0,5,0,0,0,0,0,5,0,0,0,0,0,0,1,0,0,5,0,0,0,5,0,5,,0,0,0,1,0,0,0,1,0,0,0,0,0,0,0,0,0,0,0,3,0,0,0,0,5,0,0,0,0,0,0,0,0,1,3,0,0,1,0,0,0,0,,0,1,5,0,0,0,1,0,1,1,3,1,0,0,0,1,5,0,0,0,0,0,0,,,5,0
Cambodia,1,0,0,0,0,5,0,0,0,0,3,0,1,3,1,1,0,0,1,0,0,0,0,0,0,0,0,1,-1,0,0,0,0,5,0,0,0,0,0,1,0,0,0,0,0,0,0,0,0,0,0,0,0,0,5,0,0,1,1,0,0,,0,0,0,0,0,0,0,0,0,1,3,0,0,0,0,0,0,0,0,5,1,1,0,0,0,1,0,0,0,1,5,0,0,0,0,0,0,1,0,0,0,0,0,0,5,0,5,0,0,0,0,0,5,0,0,0,0,0,0,1,0,0,5,0,0,0,5,0,5,,0,0,0,1,0,0,0,1,0,0,0,0,0,0,0,0,0,0,0,3,0,0,0,0,5,0,0,0,0,0,0,0,0,1,3,0,0,1,0,0,0,0,,0,1,5,0,0,0,1,0,1,1,3,1,0,0,0,1,5,0,0,0,0,0,0,,,5,0
Cameroon,1,0,0,0,0,5,0,0,0,0,3,0,1,3,1,1,0,0,1,0,0,0,0,0,0,0,0,1,3,-1,0,0,0,5,0,0,0,0,0,1,0,0,0,0,0,0,0,0,0,0,0,0,0,0,5,0,0,1,1,0,0,,0,0,0,0,0,0,0,0,0,1,3,0,0,0,0,0,0,0,0,5,1,1,0,0,0,1,0,0,0,1,5,0,0,0,0,0,0,1,0,0,0,0,0,0,5,0,5,0,0,0,0,0,5,0,0,0,0,0,0,1,0,0,5,0,0,0,5,0,5,,0,0,0,1,0,0,0,1,0,0,0,0,0,0,0,0,0,0,0,3,0,0,0,0,5,0,0,0,0,0,0,0,0,1,3,0,0,1,0,0,0,0,,0,1,5,0,0,0,1,0,1,0,3,1,0,0,0,1,5,0,0,0,0,0,0,,,5,0
Canada,1,0,0,0,0,0,0,0,0,0,3,0,1,3,1,1,0,0,1,0,0,0,0,0,0,0,0,1,3,0,-1,0,0,5,0,0,0,0,0,1,0,0,0,0,0,0,0,0,0,0,0,0,0,0,5,0,0,1,1,0,0,,0,0,0,0,0,0,0,0,0,1,3,0,0,0,0,0,0,0,0,5,1,1,0,0,0,0,0,0,0,1,5,0,0,0,0,0,0,1,0,0,0,0,0,0,5,0,5,0,0,0,0,0,5,0,0,0,0,0,0,1,0,0,5,0,0,0,5,0,5,,0,0,0,1,0,0,0,1,0,0,0,0,0,0,0,0,0,0,0,0,0,0,0,0,5,0,0,0,0,0,0,0,0,1,3,0,0,1,0,0,0,0,,0,1,5,0,0,0,1,0,1,0,3,1,0,0,0,1,5,0,0,0,0,0,0,,,5,0
Cape Verde,1,0,0,0,0,5,0,0,0,0,3,0,1,3,1,1,0,0,1,0,0,0,0,0,0,0,0,1,3,0,0,-1,0,5,0,0,0,0,0,1,0,0,0,0,0,0,0,0,0,0,0,0,0,0,5,0,0,1,1,0,0,,0,0,0,0,0,0,0,0,0,1,3,0,0,0,0,0,0,0,0,5,1,1,0,0,0,1,0,0,0,1,5,0,0,0,0,0,0,1,0,0,0,0,0,0,5,0,5,0,0,0,0,0,5,0,0,0,0,0,0,1,0,0,5,0,0,0,5,0,5,,0,0,0,1,0,0,0,1,0,0,0,0,0,0,0,0,0,0,0,3,0,0,0,0,5,0,0,0,0,0,0,0,0,1,3,0,0,1,0,0,0,0,,0,1,5,0,0,0,1,0,1,1,3,1,0,0,0,1,5,0,0,0,0,0,0,,,5,0
Central African Republic,1,0,0,0,0,5,0,0,0,0,3,0,1,3,1,1,0,0,1,0,0,0,0,0,0,0,0,1,3,0,0,0,-1,5,0,0,0,0,0,1,0,0,0,0,0,0,0,0,0,0,0,0,0,0,5,0,0,1,1,0,0,,0,0,0,0,0,0,0,0,0,1,3,0,0,0,0,0,0,0,0,5,1,1,0,0,0,1,0,0,0,1,5,0,0,0,0,0,0,1,0,0,0,0,0,0,5,0,5,0,0,0,0,0,5,0,0,0,0,0,0,1,0,0,5,0,0,0,5,0,5,,0,0,0,1,0,0,0,1,0,0,0,0,0,0,0,0,0,0,0,3,0,0,0,0,5,0,0,0,0,0,0,0,0,1,3,0,0,1,0,0,0,0,,0,1,5,0,0,0,1,0,1,1,3,1,0,0,0,1,5,0,0,0,0,0,0,,,5,0
Chad,1,0,0,0,0,5,0,0,0,0,3,0,1,3,1,1,0,0,1,0,0,0,0,0,0,0,0,1,3,0,0,0,0,-1,0,0,0,0,0,1,0,0,0,0,0,0,0,0,0,0,0,0,0,0,5,0,0,1,1,0,0,,0,0,0,0,0,0,0,0,0,1,3,0,0,0,0,0,0,0,0,5,1,1,0,0,0,1,0,0,0,1,5,0,0,0,0,0,0,1,0,0,0,0,0,0,5,0,5,0,0,0,0,0,5,0,0,0,0,0,0,1,0,0,5,0,0,0,5,0,5,,0,0,0,1,0,0,0,1,0,0,0,0,0,0,0,0,0,0,0,3,0,0,0,0,5,0,0,0,0,0,0,0,0,1,3,0,0,1,0,0,0,0,,0,1,5,0,0,0,1,0,1,0,3,1,0,0,0,1,5,0,0,0,0,0,0,,,5,0
Chile,1,0,0,0,0,5,0,0,0,0,3,0,1,3,1,1,0,0,1,0,0,0,0,0,0,0,0,1,3,0,0,0,0,5,-1,0,0,0,0,1,0,0,0,0,0,0,0,0,0,0,0,0,0,0,5,0,0,1,1,0,0,,0,0,0,0,0,0,0,0,0,1,3,0,0,0,0,0,0,0,0,5,1,1,0,0,0,0,0,0,0,1,5,0,0,0,0,0,0,1,0,0,0,0,0,0,5,0,5,0,0,0,0,0,5,0,0,0,0,0,0,1,0,0,5,0,0,0,5,0,5,,0,0,0,1,0,0,0,1,0,0,0,0,0,0,0,0,0,0,0,3,0,0,0,0,5,0,0,0,0,0,0,0,0,1,3,0,0,1,0,0,0,0,,0,1,5,0,0,0,1,0,1,1,3,1,0,0,0,1,5,0,0,0,0,0,0,,,5,0
China,1,0,0,0,0,0,0,0,0,0,0,0,1,3,1,1,0,0,1,0,0,0,0,0,0,0,0,1,3,0,0,0,0,5,0,-1,0,0,0,1,0,0,0,0,0,0,0,0,0,0,0,0,0,0,1,0,0,1,0,0,0,,0,0,0,0,0,0,0,0,0,1,3,0,0,0,1,0,0,0,0,5,1,1,0,0,0,0,0,0,0,1,5,0,0,0,0,0,0,1,0,0,0,0,1,0,1,0,0,0,0,0,0,0,5,0,0,0,0,0,0,1,0,0,0,0,0,0,5,0,0,,0,0,0,1,0,0,0,1,0,0,0,0,0,0,0,0,0,0,0,0,0,0,0,0,5,0,0,3,0,0,0,0,0,1,3,0,0,1,0,0,0,0,,0,1,5,0,0,0,1,0,1,0,3,1,0,0,0,1,0,0,0,0,0,0,0,,,5,0
Colombia,1,0,0,0,0,5,0,0,0,0,3,0,1,3,1,1,0,0,1,0,0,0,0,0,0,0,0,1,3,0,0,0,0,5,0,0,-1,0,0,1,0,0,0,0,0,0,0,0,0,0,0,0,0,0,5,0,0,1,1,0,0,,0,0,0,0,0,0,0,0,0,1,3,0,0,0,0,0,0,0,0,5,1,1,0,0,0,1,0,0,0,1,5,0,0,0,0,0,0,1,0,0,0,0,0,0,5,0,5,0,0,0,0,0,5,0,0,0,0,0,0,1,0,0,5,0,0,0,5,0,5,,0,0,0,1,0,0,0,1,0,0,0,0,0,0,0,0,0,0,0,3,0,0,0,0,5,0,0,0,0,0,0,0,0,1,3,0,0,1,0,0,0,0,,0,1,5,0,0,0,1,0,1,0,3,1,0,0,0,1,5,0,0,0,0,0,0,,,5,0
Comoros,1,0,0,0,0,5,0,0,0,0,3,0,1,3,1,1,0,0,1,0,0,0,0,0,0,0,0,1,3,0,0,0,0,5,0,0,0,-1,0,1,0,0,0,0,0,0,0,0,0,0,0,0,0,0,5,0,0,1,1,0,0,,0,0,0,0,0,0,0,0,0,1,3,0,0,0,0,0,0,0,0,5,1,1,0,0,0,1,0,0,0,1,5,0,0,0,0,0,0,1,0,0,0,0,0,0,5,0,5,0,0,0,0,0,5,0,0,0,0,0,0,1,0,0,5,0,0,0,5,0,5,,0,0,0,1,0,0,0,1,0,0,0,0,0,0,0,0,0,0,0,3,0,0,0,0,5,0,0,0,0,0,0,0,0,1,3,0,0,1,0,0,0,0,,0,1,5,0,0,0,1,0,1,1,3,1,0,0,0,1,5,0,0,0,0,0,0,,,5,0
Congo,1,0,0,0,0,5,0,0,0,0,3,0,1,3,1,1,0,0,1,0,0,0,0,0,0,0,0,1,3,0,0,0,0,5,0,0,0,0,-1,1,0,0,0,0,0,0,0,0,0,0,0,0,0,0,5,0,0,1,1,0,0,,0,0,0,0,0,0,0,0,0,1,3,0,0,0,0,0,0,0,0,5,1,1,0,0,0,1,0,0,0,1,5,0,0,0,0,0,0,1,0,0,0,0,0,0,5,0,5,0,0,0,0,0,5,0,0,0,0,0,0,1,0,0,5,0,0,0,5,0,5,,0,0,0,1,0,0,0,1,0,0,0,0,0,0,0,0,0,0,0,3,0,0,0,0,5,0,0,0,0,0,0,0,0,1,3,0,0,1,0,0,0,0,,0,1,5,0,0,0,1,0,1,1,3,1,0,0,0,1,5,0,0,0,0,0,0,,,5,0
DR Congo,1,0,0,0,0,5,0,0,0,0,3,0,1,3,1,1,0,0,1,0,0,0,0,0,0,0,0,1,3,0,0,0,0,5,0,0,0,0,0,-1,0,0,0,0,0,0,0,0,0,0,0,0,0,0,5,0,0,1,1,0,0,,0,0,0,0,0,0,0,0,0,1,3,0,0,0,0,0,0,0,0,5,1,1,0,0,0,0,0,0,0,1,5,0,0,0,0,0,0,1,0,0,0,0,0,0,1,0,5,0,0,0,0,0,5,0,0,0,0,0,0,1,0,0,5,0,0,0,5,0,5,,0,0,0,1,0,0,0,1,0,0,0,0,0,0,0,0,0,0,0,3,0,0,0,0,5,0,0,0,0,0,0,0,0,1,3,0,0,1,0,0,0,0,,0,1,5,0,0,0,1,0,1,1,3,1,0,0,0,1,5,0,0,0,0,0,0,,,5,0
Costa Rica,1,0,0,0,0,5,0,0,0,0,3,0,1,3,1,1,0,0,1,0,0,0,0,0,0,0,0,1,3,0,0,0,0,5,0,0,0,0,0,1,-1,0,0,0,0,0,0,0,0,0,0,0,0,0,5,0,0,1,1,0,0,,0,0,0,0,0,0,0,0,0,1,3,0,0,0,0,0,0,0,0,5,1,1,0,0,0,1,0,0,0,1,5,0,0,0,0,0,0,1,0,0,0,0,0,0,5,0,5,0,0,0,0,0,5,0,0,0,0,0,0,1,0,0,5,0,0,0,5,0,5,,0,0,0,1,0,0,0,1,0,0,0,0,0,0,0,0,0,0,0,3,0,0,0,0,5,0,0,0,0,0,0,0,0,1,3,0,0,1,0,0,0,0,,0,1,5,0,0,0,1,0,1,1,3,1,0,0,0,1,5,0,0,0,0,0,0,,,5,0
Ivory Coast,1,0,0,0,0,5,0,0,0,0,3,0,1,3,1,1,0,0,1,0,0,0,0,0,0,0,0,1,3,0,0,0,0,5,0,0,0,0,0,1,0,-1,0,0,0,0,0,0,0,0,0,0,0,0,5,0,0,1,1,0,0,,0,0,0,0,0,0,0,0,0,1,3,0,0,0,0,0,0,0,0,5,1,1,0,0,0,0,0,0,0,1,5,0,0,0,0,0,0,1,0,0,0,0,0,0,5,0,5,0,0,0,0,0,5,0,0,0,0,0,0,1,0,0,5,0,0,0,5,0,5,,0,0,0,1,0,0,0,1,0,0,0,0,0,0,0,0,0,0,0,3,0,0,0,0,5,0,0,0,0,0,0,0,0,1,3,0,0,1,0,0,0,0,,0,1,5,0,0,0,1,0,1,0,3,1,0,0,0,1,5,0,0,0,0,0,0,,,5,0
Croatia,1,0,0,0,0,0,0,0,0,3,3,0,1,0,1,1,0,0,1,0,0,5,0,0,0,1,0,1,3,0,0,0,0,5,0,0,0,0,0,1,0,0,-1,0,0,0,0,0,0,0,0,0,0,0,5,1,0,1,0,0,0,,0,0,0,0,0,1,0,0,0,1,3,0,0,0,0,1,1,0,0,5,1,1,0,5,0,0,0,0,0,1,5,0,0,0,5,0,0,1,0,0,0,5,0,0,1,0,5,0,0,0,0,0,5,0,0,0,0,5,0,1,0,0,5,0,5,0,5,0,5,,0,0,0,1,0,0,0,1,0,0,0,0,0,0,1,0,0,0,0,3,0,0,0,0,5,0,0,0,0,5,0,0,0,1,3,1,0,1,0,0,5,0,,0,1,5,0,0,0,1,0,1,1,3,1,0,0,0,1,5,0,0,0,0,0,0,,,5,0
Cuba,1,0,0,0,0,5,0,0,0,0,3,0,1,3,1,1,0,0,1,0,0,0,0,0,0,0,0,1,3,0,0,0,0,5,0,0,0,0,0,1,0,0,0,-1,0,0,0,0,0,0,0,0,0,0,5,0,0,1,1,0,0,,0,0,0,0,0,0,0,0,0,1,3,0,0,0,0,0,0,0,0,5,1,1,0,0,0,1,0,0,0,1,5,0,0,0,0,0,0,1,0,0,0,0,0,0,5,0,5,0,0,0,0,0,5,0,0,0,0,0,0,1,0,0,5,0,0,0,5,0,5,,0,0,0,1,0,0,0,1,0,0,0,0,0,0,0,0,0,0,0,3,0,0,0,0,5,0,0,0,0,0,0,0,0,1,3,0,0,1,0,0,0,0,,0,1,5,0,0,0,1,0,1,1,3,1,0,0,0,1,5,0,0,0,0,0,0,,,5,0
Cyprus,1,0,0,0,0,0,0,0,0,3,3,0,1,0,1,1,0,0,1,0,0,0,0,0,0,1,0,1,3,0,0,0,0,5,0,0,0,0,0,1,0,0,0,0,-1,0,0,0,0,0,0,0,0,0,5,1,0,1,0,0,0,,0,0,0,0,0,1,0,0,0,1,3,0,0,0,0,1,1,0,0,5,1,1,0,5,0,0,0,0,0,1,5,0,0,0,5,0,0,1,0,0,0,5,0,0,1,0,5,0,0,0,0,0,5,0,0,0,0,0,0,1,0,0,5,0,5,0,5,0,5,,0,0,0,1,0,0,0,1,0,0,0,0,0,0,1,0,0,0,0,3,0,0,0,0,5,0,0,0,0,5,0,0,0,1,3,1,0,1,0,0,5,0,,0,1,5,0,0,0,1,0,1,1,3,1,0,0,0,1,5,0,0,0,0,0,0,,,5,0
Czech Republic,1,0,0,0,0,0,0,0,0,3,3,0,1,0,1,1,0,0,1,0,0,0,0,0,0,1,0,1,3,0,0,0,0,5,0,0,0,0,0,1,0,0,0,0,0,-1,0,0,0,0,0,0,0,0,5,1,0,1,0,0,0,,0,0,0,0,0,1,0,0,0,1,3,0,0,0,0,1,1,0,0,5,1,1,0,5,0,0,0,0,0,1,5,0,0,0,5,0,0,1,0,0,0,5,0,0,1,0,5,0,0,0,0,0,5,0,0,0,0,0,0,1,0,0,5,0,5,0,5,0,5,,0,0,0,1,0,0,0,1,0,0,0,0,0,0,1,0,0,0,0,0,0,0,0,0,5,0,0,0,0,5,0,0,0,1,3,1,0,1,0,0,5,0,,0,1,5,0,0,0,1,0,1,0,3,1,0,0,0,1,0,0,0,0,0,0,0,,,5,0
Denmark,1,0,0,0,0,0,0,0,0,3,3,0,1,0,1,1,0,0,1,0,0,0,0,0,0,1,0,1,3,0,0,0,0,5,0,0,0,0,0,1,0,0,0,0,0,0,-1,0,0,0,0,0,0,0,5,1,0,1,0,0,0,,0,0,0,0,0,1,3,0,0,1,3,0,0,0,0,1,1,0,0,5,1,1,0,5,0,0,0,0,0,1,5,0,0,0,5,0,0,1,0,0,0,5,0,0,1,0,5,0,0,0,0,0,5,0,0,0,0,0,0,1,0,0,5,0,5,0,5,0,5,,0,0,0,1,0,0,0,1,0,0,0,0,0,0,1,0,0,0,0,0,0,0,0,0,5,0,0,0,0,5,0,0,0,1,3,1,0,1,0,0,5,0,,0,1,5,0,0,0,1,0,1,0,3,1,0,0,0,1,0,0,0,0,0,0,0,,,5,0
Djibouti,1,0,0,0,0,5,0,0,0,0,3,0,1,3,1,1,0,0,1,0,0,0,0,0,0,0,0,1,3,0,0,0,0,5,0,0,0,0,0,1,0,0,0,0,0,0,0,-1,0,0,0,0,0,0,5,0,0,1,1,0,0,,0,0,0,0,0,0,0,0,0,1,3,0,0,0,0,0,0,0,0,5,1,1,0,0,0,1,0,0,0,1,5,0,0,0,0,0,0,1,0,0,0,0,0,0,5,0,5,0,0,0,0,0,5,0,0,0,0,0,0,1,0,0,5,0,0,0,5,0,5,,0,0,0,1,0,0,0,1,0,0,0,0,0,0,0,0,0,0,0,3,0,0,0,0,5,0,0,0,0,0,0,0,0,1,3,0,0,1,0,0,0,0,,0,1,5,0,0,0,1,0,1,0,3,1,0,0,0,1,5,0,0,0,0,0,0,,,5,0
Dominica,1,0,0,0,0,5,0,0,0,0,3,0,1,3,1,1,0,0,1,0,0,0,0,0,0,0,0,1,3,0,0,0,0,5,0,0,0,0,0,1,0,0,0,0,0,0,0,0,-1,0,0,0,0,0,5,0,0,1,1,0,0,,0,0,0,0,0,0,0,0,0,1,3,0,0,0,0,0,0,0,0,5,1,1,0,0,0,0,0,0,0,1,5,0,0,0,0,0,0,1,0,0,0,0,0,0,5,0,5,0,0,0,0,0,5,0,0,0,0,0,0,1,0,0,5,0,0,0,5,0,5,,0,0,0,1,0,0,0,1,0,0,0,0,0,0,0,0,0,0,0,3,0,0,0,0,5,0,0,0,0,0,0,0,0,1,3,0,0,1,0,0,0,0,,0,1,5,0,0,0,1,0,1,0,3,1,0,0,0,1,5,0,0,0,0,0,0,,,5,0
Dominican Republic,1,0,0,0,0,5,0,0,0,0,3,0,1,3,1,1,0,0,1,0,0,0,0,0,0,0,0,1,3,0,0,0,0,5,0,0,0,0,0,1,0,0,0,0,0,0,0,0,0,-1,0,0,0,0,5,0,0,1,1,0,0,,0,0,0,0,0,0,0,0,0,1,3,0,0,0,0,0,0,0,0,5,1,1,0,0,0,1,0,0,0,1,5,0,0,0,0,0,0,1,0,0,0,0,0,0,5,0,5,0,0,0,0,0,5,0,0,0,0,0,0,1,0,0,5,0,0,0,5,0,5,,0,0,0,1,0,0,0,1,0,0,0,0,0,0,0,0,0,0,0,3,0,0,0,0,5,0,0,0,0,0,0,0,0,1,3,0,0,1,0,0,0,0,,0,1,5,0,0,0,1,0,1,1,3,1,0,0,0,1,5,0,0,0,0,0,0,,,5,0
Ecuador,1,0,0,0,0,5,0,0,0,0,3,0,1,3,1,1,0,0,1,0,0,0,0,0,0,0,0,1,3,0,0,0,0,5,0,0,0,0,0,1,0,0,0,0,0,0,0,0,0,0,-1,0,0,0,5,0,0,1,1,0,0,,0,0,0,0,0,0,0,0,0,1,3,0,0,0,0,0,0,0,0,5,1,1,0,0,0,0,0,0,0,1,5,0,0,0,0,0,0,1,0,0,0,0,0,0,5,0,5,0,0,0,0,0,5,0,0,0,0,0,0,1,0,0,5,0,0,0,5,0,5,,0,0,0,1,0,0,0,1,0,0,0,0,0,0,0,0,0,0,0,3,0,0,0,0,5,0,0,0,0,0,0,0,0,1,3,0,0,1,0,0,0,0,,0,1,5,0,0,0,1,0,1,0,3,1,0,0,0,1,5,0,0,0,0,0,0,,,5,0
Egypt,1,0,0,0,0,5,0,0,0,0,3,0,1,3,1,1,0,0,1,0,0,0,0,0,0,0,0,1,3,0,0,0,0,5,0,0,0,0,0,1,0,0,0,0,0,0,0,0,0,0,0,-1,0,0,5,0,0,1,1,0,0,,0,0,0,0,0,0,0,0,0,1,3,0,0,0,0,0,0,0,0,5,1,1,0,0,0,0,0,0,0,1,5,0,0,0,0,0,0,1,0,0,0,0,0,0,5,0,5,0,0,0,0,0,5,0,0,0,0,0,0,1,0,0,5,0,0,0,5,0,5,,0,0,0,1,0,0,0,1,0,0,0,0,0,0,0,0,0,0,0,3,0,0,0,0,5,0,0,0,0,0,0,0,0,1,3,0,0,1,0,0,0,0,,0,1,5,0,0,0,1,0,1,0,3,1,0,0,0,1,5,0,0,0,0,0,0,,,5,0
El Salvador,1,0,0,0,0,5,0,0,0,0,3,0,1,3,1,1,0,0,1,0,0,0,0,0,0,0,0,1,3,0,0,0,0,5,0,0,0,0,0,1,0,0,0,0,0,0,0,0,0,0,0,0,-1,0,5,0,0,1,1,0,0,,0,0,0,0,0,0,0,0,0,1,3,0,0,0,0,0,0,0,0,5,1,1,0,0,0,1,0,0,0,1,5,0,0,0,0,0,0,1,0,0,0,0,0,0,5,0,5,0,0,0,0,0,5,0,0,0,0,0,0,1,0,0,5,0,0,0,5,0,5,,0,0,0,1,0,0,0,1,0,0,0,0,0,0,0,0,0,0,0,3,0,0,0,0,5,0,0,0,0,0,0,0,0,1,3,0,0,1,0,0,0,0,,0,1,5,0,0,0,1,0,1,1,3,1,0,0,0,1,5,0,0,0,0,0,0,,,5,0
Equatorial Guinea,1,0,0,0,0,5,0,0,0,0,3,0,1,3,1,1,0,0,1,0,0,0,0,0,0,0,0,1,3,0,0,0,0,5,0,0,0,0,0,1,0,0,0,0,0,0,0,0,0,0,0,0,0,-1,5,0,0,1,1,0,0,,0,0,0,0,0,0,0,0,0,1,3,0,0,0,0,0,0,0,0,5,1,1,0,0,0,1,0,0,0,1,5,0,0,0,0,0,0,1,0,0,0,0,0,0,5,0,5,0,0,0,0,0,5,0,0,0,0,0,0,1,0,0,5,0,0,0,5,0,5,,0,0,0,1,0,0,0,1,0,0,0,0,0,0,0,0,0,0,0,3,0,0,0,0,5,0,0,0,0,0,0,0,0,1,3,0,0,1,0,0,0,0,,0,1,5,0,0,0,1,0,1,0,3,1,0,0,0,1,5,0,0,0,0,0,0,,,5,0
Eritrea,1,0,0,0,0,5,0,0,0,0,3,0,1,3,1,1,0,0,1,0,0,0,0,0,0,0,0,1,3,0,0,0,0,5,0,0,0,0,0,1,0,0,0,0,0,0,0,0,0,0,0,0,0,0,-1,0,0,1,1,0,0,,0,0,0,0,0,0,0,0,0,1,3,0,0,0,0,0,0,0,0,5,1,1,0,0,0,1,0,0,0,1,5,0,0,0,0,0,0,1,0,0,0,0,0,0,5,0,5,0,0,0,0,0,5,0,0,0,0,0,0,1,0,0,5,0,0,0,5,0,5,,0,0,0,1,0,0,0,1,0,0,0,0,0,0,0,0,0,0,0,3,0,0,0,0,5,0,0,0,0,0,0,0,0,1,3,0,0,1,0,0,0,0,,0,1,5,0,0,0,1,0,1,1,3,1,0,0,0,1,5,0,0,0,0,0,0,,,5,0
Estonia,1,0,0,0,0,0,0,0,0,3,3,0,1,0,1,1,0,0,1,0,0,0,0,0,0,1,0,1,3,0,0,0,0,5,0,0,0,0,0,1,0,0,0,0,0,0,0,0,0,0,0,0,0,0,5,-1,0,1,0,0,0,,0,0,0,0,0,1,0,0,0,1,3,0,0,0,0,1,1,0,0,5,1,1,0,5,0,0,0,0,0,1,5,0,0,0,5,0,0,1,0,0,5,5,0,0,1,0,5,0,0,0,0,0,5,0,0,0,0,0,0,1,0,0,5,0,5,0,5,0,5,,0,0,0,1,0,0,0,1,0,0,0,0,0,0,1,0,0,0,0,3,0,0,0,0,5,0,0,0,0,5,0,0,0,1,3,1,0,1,0,0,5,0,,0,1,5,0,0,0,1,0,1,1,3,1,0,0,0,1,0,0,0,0,0,0,0,,,5,0
Swaziland,1,0,0,0,0,5,0,0,0,0,3,0,1,3,1,1,0,0,1,0,0,0,0,0,0,0,0,1,3,0,0,0,0,5,0,0,0,0,0,1,0,0,0,0,0,0,0,0,0,0,0,0,0,0,5,0,-1,1,1,0,0,,0,0,0,0,0,0,0,0,0,1,3,0,0,0,0,0,0,0,0,5,1,1,0,0,0,1,0,0,0,1,5,0,0,0,0,0,0,1,0,0,0,0,0,0,5,0,5,0,0,0,0,0,5,0,0,0,0,0,0,1,0,0,5,0,0,0,5,0,5,,0,0,0,1,0,0,0,1,0,0,0,0,0,0,0,0,0,0,0,3,0,0,0,0,5,0,0,0,0,0,0,0,0,1,3,0,0,1,0,0,0,0,,0,1,5,0,0,0,1,0,1,1,3,1,0,0,0,1,5,0,0,0,0,0,0,,,5,0
Ethiopia,1,0,0,0,0,5,0,0,0,0,3,0,1,3,1,1,0,0,1,0,0,0,0,0,0,0,0,1,3,0,0,0,0,5,0,0,0,0,0,1,0,0,0,0,0,0,0,0,0,0,0,0,0,0,5,0,0,-1,1,0,0,,0,0,0,0,0,0,0,0,0,1,3,0,0,0,0,0,0,0,0,5,1,1,0,0,0,1,0,0,0,1,5,0,0,0,0,0,0,1,0,0,0,0,0,0,5,0,5,0,0,0,0,0,5,0,0,0,0,0,0,1,0,0,5,0,0,0,5,0,5,,0,0,0,1,0,0,0,1,0,0,0,0,0,0,0,0,0,0,0,3,0,0,0,0,5,0,0,0,0,0,0,0,0,1,3,0,0,1,0,0,0,0,,0,1,5,0,0,0,1,0,1,1,3,1,0,0,0,1,5,0,0,0,0,0,0,,,5,0
Fiji,1,0,0,0,0,5,0,0,0,0,3,0,1,3,1,1,0,0,1,0,0,0,0,0,0,0,0,1,3,0,0,0,0,5,0,0,0,0,0,1,0,0,0,0,0,0,0,0,0,0,0,0,0,0,5,0,0,1,-1,0,0,,0,0,0,0,0,0,0,0,0,1,3,0,0,0,0,0,0,0,0,5,1,1,0,0,0,1,0,0,0,1,5,0,0,0,0,0,0,1,0,0,0,0,0,0,5,0,5,0,0,0,0,0,5,0,0,0,0,0,0,1,0,0,5,0,0,0,5,0,5,,0,0,0,1,0,0,0,1,0,0,0,0,0,0,0,0,0,0,0,3,0,0,0,0,5,0,0,0,0,0,0,0,0,1,3,0,0,1,0,0,0,0,,0,1,5,0,0,0,1,0,1,1,3,1,0,0,0,1,5,0,0,0,0,0,0,,,5,0
Finland,1,0,0,0,0,0,0,0,0,3,3,0,1,0,1,1,0,0,1,0,0,0,0,0,0,1,0,1,3,0,0,0,0,5,0,0,0,0,0,1,0,0,0,0,0,0,0,0,0,0,0,0,0,0,5,1,0,1,0,-1,0,,0,0,0,0,0,1,0,0,0,1,3,0,0,0,0,1,1,0,0,5,1,1,0,5,0,0,0,0,0,1,5,0,0,0,5,0,0,1,0,0,0,5,0,0,1,0,5,0,0,0,0,0,5,0,0,0,0,0,0,1,0,0,5,0,5,0,5,0,5,,0,0,0,1,0,0,0,1,0,0,0,0,0,0,1,0,0,0,0,3,0,0,0,0,5,0,0,0,0,5,0,0,0,1,3,1,0,1,0,0,5,0,,0,1,5,0,0,0,1,0,1,0,3,1,0,0,0,1,0,0,0,0,0,0,0,,,5,0
France,1,0,0,0,0,0,0,0,0,0,3,0,1,0,1,1,0,0,1,0,0,0,0,0,0,1,0,1,3,0,0,0,0,5,0,0,0,0,0,1,0,0,0,0,0,0,0,0,0,0,0,0,0,0,5,1,0,1,0,0,-1,,0,0,0,0,0,1,0,0,0,1,3,0,0,0,0,1,1,0,0,5,1,0,0,5,0,0,0,0,0,1,5,0,0,0,5,0,0,1,0,0,0,5,0,0,1,0,0,0,0,0,0,0,5,0,0,0,0,0,0,1,0,0,5,0,5,0,5,0,0,,0,0,0,1,0,0,0,1,0,0,0,0,0,0,1,0,0,0,0,0,0,0,0,0,5,0,0,0,0,5,0,0,0,1,3,1,0,1,0,0,5,0,,0,1,5,0,0,0,1,0,1,0,3,1,0,0,0,1,0,0,0,0,0,0,0,,,5,0
French Guiana,1,,,,0,,,0,,0,3,,,,1,,,,,0,,,,,,,,,3,,,,0,,,,,,,1,,,,,,,,,,,,,,,,,,,1,,,-1,,0,,,,,0,0,,1,3,,,,,,,,,,1,,,,,,,0,,1,5,,,,,,,1,,,0,,,,,,0,0,0,,,,5,,,0,,,,,,,,,,,,,,,,0,,1,,,,1,,,,,,,0,,,,0,,,,,,5,,,,,,,,,,3,0,,1,,,,0,,,,5,,,,1,,1,,3,1,,,,1,,,,,,0,,,,,
Gabon,1,0,0,0,0,5,0,0,0,0,3,0,1,3,1,1,0,0,1,0,0,0,0,0,0,0,0,1,3,0,0,0,0,5,0,0,0,0,0,1,0,0,0,0,0,0,0,0,0,0,0,0,0,0,5,0,0,1,1,0,0,,-1,0,0,0,0,0,0,0,0,1,3,0,0,0,0,0,0,0,0,5,1,1,0,0,0,1,0,0,0,1,5,0,0,0,0,0,0,1,0,0,0,0,0,0,5,0,5,0,0,0,0,0,5,0,0,0,0,0,0,1,0,0,5,0,0,0,5,0,5,,0,0,0,1,0,0,0,1,0,0,0,0,0,0,0,0,0,0,0,3,0,0,0,0,5,0,0,0,0,0,0,0,0,1,3,0,0,1,0,0,0,0,,0,1,5,0,0,0,1,0,1,1,3,1,0,0,0,1,5,0,0,0,0,0,0,,,5,0
Gambia,1,0,0,0,0,5,0,0,0,0,3,0,1,3,1,1,0,0,1,0,0,0,0,0,0,0,0,1,3,0,0,0,0,5,0,0,0,0,0,1,0,0,0,0,0,0,0,0,0,0,0,0,0,0,5,0,0,1,1,0,0,,0,-1,0,0,0,0,0,0,0,1,3,0,0,0,0,0,0,0,0,5,1,1,0,0,0,1,0,0,0,1,5,0,0,0,0,0,0,1,0,0,0,0,0,0,5,0,5,0,0,0,0,0,5,0,0,0,0,0,0,1,0,0,5,0,0,0,5,0,5,,0,0,0,1,0,0,0,1,0,0,0,0,0,0,0,0,0,0,0,3,0,0,0,0,5,0,0,0,0,0,0,0,0,1,3,0,0,1,0,0,0,0,,0,1,5,0,0,0,1,0,1,1,3,1,0,0,0,1,5,0,0,0,0,0,0,,,5,0
Georgia,1,0,0,0,0,5,0,0,0,0,3,0,1,3,1,1,0,0,1,0,0,0,0,0,0,0,0,1,3,0,0,0,0,5,0,0,0,0,0,1,0,0,0,0,0,0,0,0,0,0,0,0,0,0,5,0,0,1,1,0,0,,0,0,-1,0,0,0,0,0,0,1,3,0,0,0,0,0,0,0,0,5,1,1,0,0,0,1,0,0,0,1,5,0,0,0,0,0,0,1,0,0,0,0,0,0,5,0,5,0,0,0,0,0,5,0,0,0,0,0,0,1,0,0,5,0,0,0,5,0,5,,0,0,0,1,0,0,0,1,0,0,0,0,0,0,0,0,0,0,0,3,0,0,0,0,5,0,0,0,0,0,0,0,0,1,3,0,0,1,0,0,0,0,,0,1,5,0,0,0,1,0,1,0,3,1,0,0,0,1,5,0,0,0,0,0,0,,,5,0
Germany,1,0,0,0,0,0,0,0,0,3,3,0,1,0,1,1,0,0,1,0,0,0,0,0,0,1,0,1,3,0,0,0,0,5,0,0,0,0,0,1,0,0,0,0,0,0,0,0,0,0,0,0,0,0,5,1,0,1,0,0,0,,0,0,0,-1,0,1,0,0,0,1,3,0,0,0,0,1,1,0,0,5,1,1,0,5,0,0,0,0,0,1,5,0,0,0,5,0,0,1,0,0,0,5,0,0,1,0,0,0,0,0,0,0,5,0,0,0,0,0,0,1,0,0,5,0,5,0,5,0,0,,0,0,0,1,0,0,0,1,0,0,0,0,0,0,1,0,0,0,0,0,0,0,0,0,5,0,0,0,0,5,0,0,0,1,3,1,0,1,0,0,5,0,,0,1,5,0,0,0,1,0,1,0,3,1,0,0,0,1,0,0,0,0,0,0,0,,,5,0
Ghana,1,0,0,0,0,5,0,0,0,0,3,0,1,3,1,1,0,0,1,0,0,0,0,0,0,0,0,1,3,0,0,0,0,5,0,0,0,0,0,1,0,0,0,0,0,0,0,0,0,0,0,0,0,0,5,0,0,1,1,0,0,,0,0,0,0,-1,0,0,0,0,1,3,0,0,0,0,0,0,0,0,5,1,1,0,0,0,1,0,0,0,1,5,0,0,0,0,0,0,1,0,0,0,0,0,0,5,0,5,0,0,0,0,0,5,0,0,0,0,0,0,1,0,0,5,0,0,0,5,0,5,,0,0,0,1,0,0,0,1,0,0,0,0,0,0,0,0,0,0,0,3,0,0,0,0,5,0,0,0,0,0,0,0,0,1,3,0,0,1,0,0,0,0,,0,1,5,0,0,0,1,0,1,1,3,1,0,0,0,1,5,0,0,0,0,0,0,,,5,0
Greece,1,0,0,0,0,0,0,0,0,3,3,0,1,0,1,1,0,0,1,0,0,0,0,0,0,1,0,1,3,0,0,0,0,5,0,0,0,0,0,1,0,0,0,0,0,0,0,0,0,0,0,0,0,0,5,1,0,1,0,0,0,,0,0,0,0,0,-1,0,0,0,1,3,0,0,0,0,1,1,0,0,5,1,1,0,5,0,0,0,0,0,1,5,0,0,0,5,0,0,1,0,0,0,5,0,0,1,0,5,0,0,0,0,0,5,0,0,0,0,0,0,1,0,0,5,0,5,0,5,0,5,,0,0,0,1,0,0,0,1,0,0,0,0,0,0,1,0,0,0,0,0,0,0,0,0,5,0,0,0,0,5,0,0,0,1,3,1,0,1,0,0,5,0,,0,1,5,0,0,0,1,0,1,0,3,1,0,0,0,1,0,0,0,0,0,0,0,,,5,0
Greenland,1,0,0,0,0,0,0,0,0,3,3,0,1,0,1,1,0,0,1,0,0,0,0,0,0,1,0,1,3,0,0,0,0,5,0,0,0,0,0,1,0,0,0,0,0,0,3,0,0,0,0,0,0,0,5,1,0,1,1,0,0,0,0,0,0,0,0,1,-1,0,0,1,3,0,0,0,0,1,5,0,0,5,1,1,0,5,0,0,0,0,0,1,5,0,0,0,5,0,0,1,0,0,0,5,0,0,1,0,5,0,0,0,0,0,5,0,0,0,0,0,0,1,0,0,5,0,5,0,5,0,5,,0,0,0,1,0,0,0,1,0,0,0,0,0,0,1,0,0,0,0,0,0,0,0,0,5,0,0,0,0,5,0,0,0,1,3,0,0,1,0,0,5,0,,0,1,5,0,0,0,1,0,1,0,3,1,0,0,0,1,0,0,0,0,0,0,0,0,,5,0
Grenada,1,0,0,0,0,5,0,0,0,0,3,0,1,3,1,1,0,0,1,0,0,0,0,0,0,0,0,1,3,0,0,0,0,5,0,0,0,0,0,1,0,0,0,0,0,0,0,0,0,0,0,0,0,0,5,0,0,1,1,0,0,,0,0,0,0,0,0,0,-1,0,1,3,0,0,0,0,0,0,0,0,5,1,1,0,0,0,1,0,0,0,1,5,0,0,0,0,0,0,1,0,0,0,0,0,0,5,0,5,0,0,0,0,0,5,0,0,0,0,0,0,1,0,0,5,0,0,0,5,0,5,,0,0,0,1,0,0,0,1,0,0,0,0,0,0,0,0,0,0,0,3,0,0,0,0,5,0,0,0,0,0,0,0,0,1,3,0,0,1,0,0,0,0,,0,1,5,0,0,0,1,0,1,1,3,1,0,0,0,1,5,0,0,0,0,0,0,,,5,0
Guatemala,1,0,0,0,0,5,0,0,0,0,3,0,1,3,1,1,0,0,1,0,0,0,0,0,0,0,0,1,3,0,0,0,0,5,0,0,0,0,0,1,0,0,0,0,0,0,0,0,0,0,0,0,0,0,5,0,0,1,1,0,0,,0,0,0,0,0,0,0,0,-1,1,3,0,0,0,0,0,0,0,0,5,1,1,0,0,0,1,0,0,0,1,5,0,0,0,0,0,0,1,0,0,0,0,0,0,5,0,5,0,0,0,0,0,5,0,0,0,0,0,0,1,0,0,5,0,0,0,5,0,5,,0,0,0,1,0,0,0,1,0,0,0,0,0,0,0,0,0,0,0,3,0,0,0,0,5,0,0,0,0,0,0,0,0,1,3,0,0,1,0,0,0,0,,0,1,5,0,0,0,1,0,1,0,3,1,0,0,0,1,5,0,0,0,0,0,0,,,5,0
Guinea,1,0,0,0,0,5,0,0,0,0,3,0,1,3,1,1,0,0,1,0,0,0,0,0,0,0,0,1,3,0,0,0,0,5,0,0,0,0,0,1,0,0,0,0,0,0,0,0,0,0,0,0,0,0,5,0,0,1,1,0,0,,0,0,0,0,0,0,0,0,0,-1,3,0,0,0,0,0,0,0,0,5,1,1,0,0,0,1,0,0,0,1,5,0,0,0,0,0,0,1,0,0,0,0,0,0,5,0,5,0,0,0,0,0,5,0,0,0,0,0,0,1,0,0,5,0,0,0,5,0,5,,0,0,0,1,0,0,0,1,0,0,0,0,0,0,0,0,0,0,0,3,0,0,0,0,5,0,0,0,0,0,0,0,0,1,3,0,0,1,0,0,0,0,,0,1,5,0,0,0,1,0,1,1,3,1,0,0,0,1,5,0,0,0,0,0,0,,,5,0
Guinea-Bissau,1,0,0,0,0,5,0,0,0,0,3,0,1,3,1,1,0,0,1,0,0,0,0,0,0,0,0,1,3,0,0,0,0,5,0,0,0,0,0,1,0,0,0,0,0,0,0,0,0,0,0,0,0,0,5,0,0,1,1,0,0,,0,0,0,0,0,0,0,0,0,1,-1,0,0,0,0,0,0,0,0,5,1,1,0,0,0,1,0,0,0,1,5,0,0,0,0,0,0,1,0,0,0,0,0,0,5,0,5,0,0,0,0,0,5,0,0,0,0,0,0,1,0,0,5,0,0,0,5,0,5,,0,0,0,1,0,0,0,1,0,0,0,0,0,0,0,0,0,0,0,3,0,0,0,0,5,0,0,0,0,0,0,0,0,1,3,0,0,1,0,0,0,0,,0,1,5,0,0,0,1,0,1,1,3,1,0,0,0,1,5,0,0,0,0,0,0,,,5,0
Guyana,1,0,0,0,0,5,0,0,0,0,3,0,1,3,1,1,0,0,1,0,0,0,0,0,0,0,0,1,3,0,0,0,0,5,0,0,0,0,0,1,0,0,0,0,0,0,0,0,0,0,0,0,0,0,5,0,0,1,1,0,0,,0,0,0,0,0,0,0,0,0,1,3,-1,0,0,0,0,0,0,0,5,1,1,0,0,0,1,0,0,0,1,5,0,0,0,0,0,0,1,0,0,0,0,0,0,5,0,5,0,0,0,0,0,5,0,0,0,0,0,0,1,0,0,5,0,0,0,5,0,5,,0,0,0,1,0,0,0,1,0,0,0,0,0,0,0,0,0,0,0,3,0,0,0,0,5,0,0,0,0,0,0,0,0,1,3,0,0,1,0,0,0,0,,0,1,5,0,0,0,1,0,1,1,3,1,0,0,0,1,5,0,0,0,0,0,0,,,5,0
Haiti,1,0,0,0,0,5,0,0,0,0,3,0,1,3,1,1,0,0,1,0,0,0,0,0,0,0,0,1,3,0,0,0,0,5,0,0,0,0,0,1,0,0,0,0,0,0,0,0,0,0,0,0,0,0,5,0,0,1,1,0,0,,0,0,0,0,0,0,0,0,0,1,3,0,-1,0,0,0,0,0,0,5,1,1,0,0,0,1,0,0,0,1,5,0,0,0,0,0,0,1,0,0,0,0,0,0,5,0,5,0,0,0,0,0,5,0,0,0,0,0,0,1,0,0,5,0,0,0,5,0,5,,0,0,0,1,0,0,0,1,0,0,0,0,0,0,0,0,0,0,0,3,0,0,0,0,5,0,0,0,0,0,0,0,0,1,3,0,0,1,0,0,0,0,,0,1,5,0,0,0,1,0,1,1,3,1,0,0,0,1,5,0,0,0,0,0,0,,,5,0
Honduras,1,0,0,0,0,5,0,0,0,0,3,0,1,3,1,1,0,0,1,0,0,0,0,0,0,0,0,1,3,0,0,0,0,5,0,0,0,0,0,1,0,0,0,0,0,0,0,0,0,0,0,0,0,0,5,0,0,1,1,0,0,,0,0,0,0,0,0,0,0,0,1,3,0,0,-1,0,0,0,0,0,5,1,1,0,0,0,1,0,0,0,1,5,0,0,0,0,0,0,1,0,0,0,0,0,0,5,0,5,0,0,0,0,0,5,0,0,0,0,0,0,1,0,0,5,0,0,0,5,0,5,,0,0,0,1,0,0,0,1,0,0,0,0,0,0,0,0,0,0,0,3,0,0,0,0,5,0,0,0,0,0,0,0,0,1,3,0,0,1,0,0,0,0,,0,1,5,0,0,0,1,0,1,1,3,1,0,0,0,1,5,0,0,0,0,0,0,,,5,0
Hong Kong,1,0,0,0,0,5,0,0,0,0,3,0,1,3,1,1,0,0,1,0,0,0,0,0,0,0,0,1,3,0,0,0,0,5,0,0,0,0,0,1,0,0,0,0,0,0,0,0,0,0,0,0,0,0,5,0,0,1,1,0,0,,0,0,0,0,0,0,0,0,0,1,3,0,0,0,-1,0,0,0,0,5,1,1,0,0,0,0,0,0,0,1,5,0,0,0,0,0,0,1,0,0,0,0,1,0,5,0,5,0,0,0,0,0,5,0,0,0,0,0,0,1,0,0,0,0,0,0,5,0,5,,0,0,0,1,0,0,0,1,0,0,0,0,0,0,0,0,0,0,0,0,0,0,0,0,5,0,0,0,0,0,0,0,0,1,3,0,0,1,0,0,0,0,,0,1,5,0,0,0,1,0,1,1,3,1,0,0,0,1,5,0,0,0,0,0,0,,,5,0
Hungary,1,0,0,0,0,0,0,0,0,3,3,0,1,0,1,1,0,0,1,0,0,0,0,0,0,1,0,1,3,0,0,0,0,5,0,0,0,0,0,1,0,0,0,0,0,0,0,0,0,0,0,0,0,0,5,1,0,1,0,0,0,,0,0,0,0,0,1,0,0,0,1,3,0,0,0,0,-1,1,0,0,5,1,1,0,5,0,0,0,0,0,1,5,0,0,0,5,0,0,1,0,0,0,5,0,0,1,0,5,0,0,0,0,0,5,0,0,0,0,0,0,1,0,0,5,0,5,0,5,0,5,,0,0,0,1,0,0,0,1,0,0,0,0,0,0,1,0,0,0,0,3,0,0,0,0,5,0,0,0,0,5,0,0,0,1,3,1,0,1,0,0,5,0,,0,1,5,0,0,0,1,0,1,0,3,1,0,0,0,1,0,0,0,0,0,0,0,,,5,0
Iceland,1,0,0,0,0,5,0,0,0,3,3,0,1,3,1,1,0,0,1,0,0,0,0,0,0,1,0,1,3,0,0,0,0,5,0,0,0,0,0,1,0,0,0,0,0,0,0,0,0,0,0,0,0,0,5,1,0,1,0,0,0,,0,0,0,0,0,1,0,0,0,1,3,0,0,0,0,1,-1,0,0,5,1,1,0,5,0,0,0,0,0,1,5,0,0,0,5,0,0,1,0,0,0,5,0,0,1,0,5,0,0,0,0,0,5,0,0,0,0,0,0,1,0,0,5,0,5,0,5,0,5,,0,0,0,1,0,0,0,1,0,0,0,0,0,0,1,0,0,0,0,0,0,0,0,0,5,0,0,0,0,5,0,0,0,1,3,1,0,1,0,0,5,0,,0,1,5,0,0,0,1,0,1,1,3,1,0,0,0,1,0,0,0,0,0,0,0,,,5,0
India,1,0,0,0,0,5,0,0,0,0,3,0,1,3,1,1,0,0,1,0,0,0,0,0,0,0,0,1,3,0,0,0,0,5,0,0,0,0,0,1,0,0,0,0,0,0,0,0,0,0,0,0,0,0,5,0,0,1,1,0,0,,0,0,0,0,0,0,0,0,0,1,3,0,0,0,0,0,0,-1,0,5,1,1,0,0,0,1,0,0,0,1,5,0,0,0,0,0,0,1,0,0,0,0,0,0,5,0,5,0,0,0,0,0,5,0,0,0,0,0,0,1,0,0,5,0,0,0,5,0,5,,0,0,0,1,0,0,0,1,0,0,0,0,0,0,0,0,0,0,0,3,0,0,0,0,5,0,0,0,0,0,0,0,0,1,3,0,0,1,0,0,0,0,,0,1,5,0,0,0,1,0,1,0,3,1,0,0,0,1,5,0,0,0,0,0,0,,,5,0
Indonesia,1,0,0,0,0,5,0,0,0,0,3,0,1,3,1,1,0,0,1,0,0,0,0,0,0,0,0,1,3,0,0,0,0,5,0,0,0,0,0,1,0,0,0,0,0,0,0,0,0,0,0,0,0,0,5,0,0,1,1,0,0,,0,0,0,0,0,0,0,0,0,1,3,0,0,0,0,0,0,0,-1,5,1,1,0,0,0,0,0,0,0,1,5,0,0,0,0,0,0,1,0,0,0,0,0,0,5,0,5,0,0,0,0,0,5,0,0,0,0,0,0,1,0,0,5,0,0,0,5,0,5,,0,0,0,1,0,0,0,1,0,0,0,0,0,0,0,0,0,0,0,3,0,0,0,0,5,0,0,0,0,0,0,0,0,1,3,0,0,1,0,0,0,0,,0,1,5,0,0,0,1,0,1,1,3,1,0,0,0,1,5,0,0,0,0,0,0,,,5,0
Iran,1,0,0,0,0,0,0,0,0,0,0,0,1,0,1,1,0,0,1,0,0,0,0,0,0,0,0,1,3,0,0,0,0,5,0,0,0,0,0,1,0,0,0,0,0,0,0,0,0,0,0,0,0,0,1,0,0,1,0,0,0,,0,0,0,0,0,0,0,0,0,1,3,0,0,0,0,0,0,0,0,-1,1,1,0,0,0,0,0,0,0,1,5,0,0,0,0,0,0,1,0,0,0,0,0,0,1,0,0,0,0,0,0,0,5,0,0,0,0,0,0,1,0,0,0,0,0,0,5,0,0,,0,0,0,1,0,0,0,1,0,0,0,0,0,0,0,0,0,0,0,0,0,0,0,0,5,0,0,0,0,0,0,0,0,1,3,0,0,1,0,0,0,0,,0,1,5,0,0,0,1,0,1,0,3,1,0,0,0,1,0,0,0,0,0,0,0,,,5,0
Iraq,1,0,0,0,0,5,0,0,0,0,3,0,1,3,1,1,0,0,1,0,0,0,0,0,0,0,0,1,3,0,0,0,0,5,0,0,0,0,0,1,0,0,0,0,0,0,0,0,0,0,0,0,0,0,5,0,0,1,1,0,0,,0,0,0,0,0,0,0,0,0,1,3,0,0,0,0,0,0,0,0,5,-1,1,0,0,0,1,0,0,0,1,5,0,0,0,0,0,0,1,0,0,0,0,0,0,5,0,5,0,0,0,0,0,5,0,0,0,0,0,0,1,0,0,5,0,0,0,5,0,5,,0,0,0,1,0,0,0,1,0,0,0,0,0,0,0,0,0,0,0,3,0,0,0,0,5,0,0,0,0,0,0,0,0,1,3,0,0,1,0,0,0,0,,0,1,5,0,0,0,1,0,1,0,3,1,0,0,0,1,5,0,0,0,0,0,0,,,5,0
Ireland,1,0,0,0,0,0,0,0,0,3,3,0,1,0,1,1,0,0,1,0,0,0,0,0,0,1,0,1,3,0,0,0,0,5,0,0,0,0,0,1,0,0,0,0,0,0,0,0,0,0,0,0,0,0,5,1,0,1,0,0,0,,0,0,0,0,0,1,0,0,0,1,3,0,0,0,0,1,1,0,0,5,1,-1,0,5,0,0,0,0,0,1,5,0,0,0,1,0,0,1,0,0,0,5,0,0,1,0,5,0,0,0,0,0,5,0,0,0,0,0,0,1,0,0,5,0,5,0,5,0,5,,0,0,0,1,0,0,0,1,0,0,0,0,0,0,1,0,0,0,0,3,0,0,0,0,5,0,0,0,0,5,0,0,0,1,3,1,0,1,0,0,5,0,,0,1,5,0,0,0,1,0,1,0,3,1,0,0,0,1,0,0,0,0,0,0,0,,,5,0
Israel,1,0,0,0,0,5,0,0,0,0,3,0,1,3,1,1,0,0,1,0,0,0,0,0,0,0,0,1,3,0,0,0,0,5,0,0,0,0,0,1,0,0,0,0,0,0,0,0,0,0,0,0,0,0,5,0,0,1,1,0,0,,0,0,0,0,0,0,0,0,0,1,3,0,0,0,0,0,0,0,0,5,1,1,-1,0,0,0,0,0,0,1,5,0,0,0,0,0,0,1,0,0,0,0,0,0,5,0,5,0,0,0,0,0,5,0,0,0,0,0,0,1,0,0,5,0,0,0,5,0,5,,0,0,0,1,0,0,0,1,0,0,0,0,0,0,0,0,0,0,0,3,0,0,0,0,5,0,0,0,0,0,0,0,0,1,3,0,0,1,0,0,0,0,,0,1,5,0,0,0,1,0,1,1,3,1,0,0,0,1,5,0,0,0,0,0,0,,,5,0
Italy,1,0,0,0,0,0,0,0,0,3,3,0,1,0,1,1,0,0,1,0,0,0,0,0,0,1,0,1,3,0,0,0,0,5,0,0,0,0,0,1,0,0,0,0,0,0,0,0,0,0,0,0,0,0,1,1,0,1,0,0,0,,0,0,0,0,0,1,0,0,0,1,3,0,0,0,0,1,1,0,0,5,1,0,0,-1,0,0,0,0,0,1,5,0,0,0,5,0,0,1,0,0,0,5,0,0,1,0,0,0,0,0,0,0,5,0,0,0,0,0,0,1,0,0,0,0,5,0,5,0,0,,0,0,0,1,0,0,0,1,0,0,0,0,0,0,1,0,0,0,0,0,0,0,0,0,5,0,0,0,0,5,0,0,0,1,3,1,0,1,0,0,5,0,,0,1,5,0,0,0,1,0,1,0,3,1,0,0,0,1,0,0,0,0,5,0,0,,,5,0
Jamaica,1,0,0,0,0,5,0,0,0,0,3,0,1,3,1,1,0,0,1,0,0,0,0,0,0,0,0,1,3,0,0,0,0,5,0,0,0,0,0,1,0,0,0,0,0,0,0,0,0,0,0,0,0,0,5,0,0,1,1,0,0,,0,0,0,0,0,0,0,0,0,1,3,0,0,0,0,0,0,0,0,5,1,1,0,0,-1,1,0,0,0,1,5,0,0,0,0,0,0,1,0,0,0,0,0,0,5,0,5,0,0,0,0,0,5,0,0,0,0,0,0,1,0,0,5,0,0,0,5,0,5,,0,0,0,1,0,0,0,1,0,0,0,0,0,0,0,0,0,0,0,3,0,0,0,0,5,0,0,0,0,0,0,0,0,1,3,0,0,1,0,0,0,0,,0,1,5,0,0,0,1,0,1,1,3,1,0,0,0,1,5,0,0,0,0,0,0,,,5,0
Japan,1,0,0,0,0,0,0,0,0,0,3,0,1,3,1,1,0,0,1,0,0,0,0,0,0,0,0,1,3,0,0,0,0,5,0,0,0,0,0,1,0,0,0,0,0,0,0,0,0,0,0,0,0,0,5,0,0,1,1,0,0,,0,0,0,0,0,0,0,0,0,1,3,0,0,0,0,0,0,0,0,5,1,1,0,0,0,-1,0,0,0,1,5,0,0,0,0,0,0,1,0,0,0,0,0,0,1,0,5,0,0,0,0,0,5,0,0,0,0,0,0,1,0,0,5,0,0,0,5,0,0,,0,0,0,1,0,0,0,1,0,0,0,0,0,0,0,0,0,0,0,0,0,0,0,0,5,0,0,0,0,0,0,0,0,1,3,0,0,1,0,0,0,0,,0,1,5,0,0,0,1,0,1,1,3,1,0,0,0,1,5,0,0,0,0,0,0,,,5,0
Jordan,1,0,0,0,0,5,0,0,0,0,3,0,1,3,1,1,0,0,1,0,0,0,0,0,0,0,0,1,3,0,0,0,0,5,0,0,0,0,0,1,0,0,0,0,0,0,0,0,0,0,0,0,0,0,5,0,0,1,1,0,0,,0,0,0,0,0,0,0,0,0,1,3,0,0,0,0,0,0,0,0,5,1,1,0,0,0,1,-1,0,0,1,5,0,0,0,0,0,0,1,0,0,0,0,0,0,5,0,5,0,0,0,0,0,5,0,0,0,0,0,0,1,0,0,5,0,0,0,5,0,5,,0,0,0,1,0,0,0,1,0,0,0,0,0,0,0,0,0,0,0,3,0,0,0,0,5,0,0,0,0,0,0,0,0,1,3,0,0,1,0,0,0,0,,0,1,5,0,0,0,1,0,1,0,3,1,0,0,0,1,5,0,0,0,0,0,0,,,5,0
Kazakhstan,1,0,0,0,0,5,0,0,0,0,3,0,1,3,1,1,0,0,1,0,0,0,0,0,0,0,0,1,3,0,0,0,0,5,0,0,0,0,0,1,0,0,0,0,0,0,0,0,0,0,0,0,0,0,5,0,0,1,1,0,0,,0,0,0,0,0,0,0,0,0,1,3,0,0,0,0,0,0,0,0,5,1,1,0,0,0,1,0,-1,0,1,5,0,0,0,0,0,0,1,0,0,0,0,0,0,5,0,5,0,0,0,0,0,5,0,0,0,0,0,0,1,0,0,5,0,0,0,5,0,5,,0,0,0,1,0,0,0,1,0,0,0,0,0,0,0,0,0,0,0,3,0,0,0,0,5,0,0,0,0,0,0,0,0,1,3,0,0,1,0,0,0,0,,0,1,5,0,0,0,1,0,1,0,3,1,0,0,0,1,5,0,0,0,0,0,0,,,5,0
Kenya,1,0,0,0,0,5,0,0,0,0,3,0,1,3,1,1,0,0,1,0,0,0,0,0,0,0,0,1,3,0,0,0,0,5,0,0,0,0,0,1,0,0,0,0,0,0,0,0,0,0,0,0,0,0,5,0,0,1,1,0,0,,0,0,0,0,0,0,0,0,0,1,3,0,0,0,0,0,0,0,0,5,1,1,0,0,0,1,0,0,-1,1,5,0,0,0,0,0,0,1,0,0,0,0,0,0,5,0,5,0,0,0,0,0,5,0,0,0,0,0,0,1,0,0,5,0,0,0,5,0,5,,0,0,0,1,0,0,0,1,0,0,0,0,0,0,0,0,0,0,0,3,0,0,0,0,5,0,0,0,0,0,0,0,0,1,3,0,0,1,0,0,0,0,,0,1,5,0,0,0,1,0,1,0,3,1,0,0,0,1,5,0,0,0,0,0,0,,,5,0
Kiribati,1,0,0,0,0,5,0,0,0,0,3,0,1,3,1,1,0,0,1,0,0,0,0,0,0,0,0,1,3,0,0,0,0,5,0,0,0,0,0,1,0,0,0,0,0,0,0,0,0,0,0,0,0,0,5,0,0,1,1,0,0,,0,0,0,0,0,0,0,0,0,1,3,0,0,0,0,0,0,0,0,5,1,1,0,0,0,1,0,0,0,-1,5,0,0,0,0,0,0,1,0,0,0,0,0,0,5,0,5,0,0,0,0,0,5,0,0,0,0,0,0,1,0,0,5,0,0,0,5,0,5,,0,0,0,1,0,0,0,1,0,0,0,0,0,0,0,0,0,0,0,3,0,0,0,0,5,0,0,0,0,0,0,0,0,1,3,0,0,1,0,0,0,0,,0,1,5,0,0,0,1,0,1,1,3,1,0,0,0,1,5,0,0,0,0,0,0,,,5,0
Kosovo,1,0,0,0,0,5,0,0,0,0,3,0,1,3,1,1,0,0,1,0,0,0,0,0,0,0,0,1,3,0,0,0,0,5,0,0,0,0,0,1,0,0,0,0,0,0,0,0,0,0,0,0,0,0,5,0,0,1,1,0,0,,0,0,0,0,0,0,0,0,0,1,3,0,0,0,0,0,0,0,0,5,1,1,0,0,0,0,0,0,0,1,-1,0,0,0,0,0,0,1,0,0,0,0,0,0,5,0,5,0,0,0,0,0,5,0,0,0,0,5,0,1,0,0,5,0,0,0,5,0,5,,0,0,0,1,0,0,0,1,0,0,0,0,0,0,0,0,0,0,0,3,0,0,0,0,5,0,0,0,0,0,0,0,0,1,3,0,0,1,0,0,0,0,,0,1,5,0,0,0,1,0,1,0,3,1,0,0,0,1,5,0,0,0,0,0,0,,,5,0
Kuwait,1,0,0,0,0,5,0,0,0,0,3,0,1,3,1,1,0,0,1,0,0,0,0,0,0,0,0,1,3,0,0,0,0,5,0,0,0,0,0,1,0,0,0,0,0,0,0,0,0,0,0,0,0,0,5,0,0,1,1,0,0,,0,0,0,0,0,0,0,0,0,1,3,0,0,0,0,0,0,0,0,5,1,1,0,0,0,1,0,0,0,1,5,-1,0,0,0,0,0,1,0,0,0,0,0,0,5,0,5,0,0,0,0,0,5,0,0,0,0,0,0,1,0,0,5,0,0,0,5,0,5,,0,0,0,1,0,0,0,1,0,0,0,0,0,0,0,0,0,0,0,0,0,0,0,0,5,0,0,0,0,0,0,0,0,1,3,0,0,1,0,0,0,0,,0,1,5,0,0,0,1,0,1,0,3,1,0,0,0,1,5,0,0,0,0,0,0,,,5,0
Kyrgyzstan,1,0,0,0,0,5,0,0,0,0,3,0,1,3,1,1,0,0,1,0,0,0,0,0,0,0,0,1,3,0,0,0,0,5,0,0,0,0,0,1,0,0,0,0,0,0,0,0,0,0,0,0,0,0,5,0,0,1,1,0,0,,0,0,0,0,0,0,0,0,0,1,3,0,0,0,0,0,0,0,0,5,1,1,0,0,0,1,0,0,0,1,5,0,-1,0,0,0,0,1,0,0,0,0,0,0,5,0,5,0,0,0,0,0,5,0,0,0,0,0,0,1,0,0,5,0,0,0,5,0,5,,0,0,0,1,0,0,0,1,0,0,0,0,0,0,0,0,0,0,0,3,0,0,0,0,5,0,0,0,0,0,0,0,0,1,3,0,0,1,0,0,0,0,,0,1,5,0,0,0,1,0,1,1,3,1,0,0,0,1,5,0,0,0,0,0,0,,,5,0
Laos,1,0,0,0,0,5,0,0,0,0,3,0,1,3,1,1,0,0,1,0,0,0,0,0,0,0,0,1,3,0,0,0,0,5,0,0,0,0,0,1,0,0,0,0,0,0,0,0,0,0,0,0,0,0,5,0,0,1,1,0,0,,0,0,0,0,0,0,0,0,0,1,3,0,0,0,0,0,0,0,0,5,1,1,0,0,0,1,0,0,0,1,5,0,0,-1,0,0,0,1,0,0,0,0,0,0,5,0,5,0,0,0,0,0,5,0,0,0,0,0,0,1,0,0,5,0,0,0,5,0,5,,0,0,0,1,0,0,0,1,0,0,0,0,0,0,0,0,0,0,0,3,0,0,0,0,5,0,0,0,0,0,0,0,0,1,3,0,0,1,0,0,0,0,,0,1,5,0,0,0,1,0,1,1,3,1,0,0,0,1,5,0,0,0,0,0,0,,,5,0
Latvia,1,0,0,0,0,0,0,0,0,3,3,0,1,0,1,1,0,0,1,0,0,0,0,0,0,1,0,1,3,0,0,0,0,5,0,0,0,0,0,1,0,0,0,0,0,0,0,0,0,0,0,0,0,0,5,1,0,1,0,0,0,,0,0,0,0,0,1,0,0,0,1,3,0,0,0,0,1,1,0,0,5,1,0,0,5,0,0,0,0,0,1,5,0,0,0,-1,0,0,1,0,0,5,5,0,0,1,0,5,0,0,0,0,0,5,0,0,0,0,0,0,1,0,0,5,0,5,0,5,0,5,,0,0,0,1,0,0,0,1,0,0,0,0,0,0,1,0,0,0,0,3,0,0,0,0,5,0,0,0,0,5,0,0,0,1,3,1,0,1,0,0,5,0,,0,1,5,0,0,0,1,0,1,0,3,1,0,0,0,1,0,0,0,0,0,0,0,,,5,0
Lebanon,1,0,0,0,0,5,0,0,0,0,3,0,1,3,1,1,0,0,1,0,0,0,0,0,0,0,0,1,3,0,0,0,0,5,0,0,0,0,0,1,0,0,0,0,0,0,0,0,0,0,0,0,0,0,5,0,0,1,1,0,0,,0,0,0,0,0,0,0,0,0,1,3,0,0,0,0,0,0,0,0,5,1,1,0,0,0,1,0,0,0,1,5,0,0,0,0,-1,0,1,0,0,0,0,0,0,5,0,5,0,0,0,0,0,5,0,0,0,0,0,0,1,0,0,5,0,0,0,5,0,5,,0,0,0,1,0,0,0,1,0,0,0,0,0,0,0,0,0,0,0,3,0,0,0,0,5,0,0,0,0,0,0,0,0,1,3,0,0,1,0,0,0,0,,0,1,5,0,0,0,1,0,1,0,3,1,0,0,0,1,5,0,0,0,0,0,0,,,5,0
Lesotho,1,0,0,0,0,5,0,0,0,0,3,0,1,3,1,1,0,0,1,0,0,0,0,0,0,0,0,1,3,0,0,0,0,5,0,0,0,0,0,1,0,0,0,0,0,0,0,0,0,0,0,0,0,0,5,0,0,1,1,0,0,,0,0,0,0,0,0,0,0,0,1,3,0,0,0,0,0,0,0,0,5,1,1,0,0,0,1,0,0,0,1,5,0,0,0,0,0,-1,1,0,0,0,0,0,0,5,0,5,0,0,0,0,0,5,0,0,0,0,0,0,1,0,0,5,0,0,0,5,0,5,,0,0,0,1,0,0,0,1,0,0,0,0,0,0,0,0,0,0,0,3,0,0,0,0,5,0,0,0,0,0,0,0,0,1,3,0,0,1,0,0,0,0,,0,1,5,0,0,0,1,0,1,1,3,1,0,0,0,1,5,0,0,0,0,0,0,,,5,0
Liberia,1,0,0,0,0,5,0,0,0,0,3,0,1,3,1,1,0,0,1,0,0,0,0,0,0,0,0,1,3,0,0,0,0,5,0,0,0,0,0,1,0,0,0,0,0,0,0,0,0,0,0,0,0,0,5,0,0,1,1,0,0,,0,0,0,0,0,0,0,0,0,1,3,0,0,0,0,0,0,0,0,5,1,1,0,0,0,1,0,0,0,1,5,0,0,0,0,0,0,-1,0,0,0,0,0,0,5,0,5,0,0,0,0,0,5,0,0,0,0,0,0,1,0,0,5,0,0,0,5,0,5,,0,0,0,1,0,0,0,1,0,0,0,0,0,0,0,0,0,0,0,3,0,0,0,0,5,0,0,0,0,0,0,0,0,1,3,0,0,1,0,0,0,0,,0,1,5,0,0,0,1,0,1,1,3,1,0,0,0,1,5,0,0,0,0,0,0,,,5,0
Libya,1,0,0,0,0,5,0,0,0,0,3,0,1,3,1,1,0,0,1,0,0,0,0,0,0,0,0,1,3,0,0,0,0,5,0,0,0,0,0,1,0,0,0,0,0,0,0,0,0,0,0,0,0,0,5,0,0,1,1,0,0,,0,0,0,0,0,0,0,0,0,1,3,0,0,0,0,0,0,0,0,5,1,1,0,0,0,1,0,0,0,1,5,0,0,0,0,0,0,1,-1,0,0,0,0,0,5,0,5,0,0,0,0,0,5,0,0,0,0,0,0,1,0,0,5,0,0,0,5,0,5,,0,0,0,1,0,0,0,1,0,0,0,0,0,0,0,0,0,0,0,3,0,0,0,0,5,0,0,0,0,0,0,0,0,1,3,0,0,1,0,0,0,0,,0,1,5,0,0,0,1,0,1,1,3,1,0,0,0,1,5,0,0,0,0,0,0,,,5,0
Liechtenstein,1,0,0,0,0,5,0,0,0,3,3,0,1,3,1,1,0,0,1,0,0,0,0,0,0,1,0,1,3,0,0,0,0,5,0,0,0,0,0,1,0,0,0,0,0,0,0,0,0,0,0,0,0,0,5,1,0,1,1,0,0,,0,0,0,0,0,1,0,0,0,1,3,0,0,0,0,1,1,0,0,5,1,1,0,5,0,0,0,0,0,1,5,0,0,0,5,0,0,1,0,-1,0,5,0,0,1,0,5,0,0,0,0,0,5,0,0,0,0,0,0,1,0,0,5,0,5,0,5,0,5,,0,0,0,1,0,0,0,1,0,0,0,0,0,0,1,0,0,0,0,3,0,0,0,0,5,0,0,0,0,5,0,0,0,1,3,1,0,1,0,0,5,5,,0,1,5,0,0,0,1,0,1,1,3,1,0,0,0,1,0,0,0,0,0,0,0,,,5,0
Lithuania,1,0,0,0,0,0,0,0,0,3,3,0,1,0,1,1,0,0,1,0,0,0,0,0,0,1,0,1,3,0,0,0,0,5,0,0,0,0,0,1,0,0,0,0,0,0,0,0,0,0,0,0,0,0,5,1,0,1,0,0,0,,0,0,0,0,0,1,0,0,0,1,3,0,0,0,0,1,1,0,0,5,1,1,0,5,0,1,0,0,0,1,5,0,0,0,5,0,0,1,0,0,-1,5,0,0,1,0,5,0,0,0,0,0,5,0,0,0,0,0,0,1,0,0,5,0,5,0,5,0,5,,0,0,0,1,0,0,0,1,0,0,0,0,0,0,1,0,0,0,0,3,0,0,0,0,5,0,0,0,0,5,0,0,0,1,3,1,0,1,0,0,5,0,,0,1,5,0,0,0,1,0,1,1,3,1,0,0,0,1,0,0,0,0,0,0,0,,,5,0
Luxembourg,1,0,0,0,0,0,0,0,0,3,3,0,1,0,1,1,0,0,1,0,0,0,0,0,0,1,0,1,3,0,0,0,0,5,0,0,0,0,0,1,0,0,0,0,0,0,0,0,0,0,0,0,0,0,5,1,0,1,0,0,0,,0,0,0,0,0,1,0,0,0,1,3,0,0,0,0,1,1,0,0,5,1,1,0,5,0,1,0,0,0,1,5,0,0,0,5,0,0,1,0,0,0,-1,0,0,1,0,5,0,0,0,0,0,5,0,0,0,0,0,0,1,0,0,5,0,5,0,5,0,5,,0,0,0,1,0,0,0,1,0,0,0,0,0,0,1,0,0,0,0,0,0,0,0,0,5,0,0,0,0,5,0,0,0,1,3,1,0,1,0,0,5,0,,0,1,5,0,0,0,1,0,1,1,3,1,0,0,0,1,0,0,0,0,0,0,0,,,5,0
Macao,1,0,0,0,0,5,0,0,0,0,3,0,1,3,1,1,0,0,1,0,0,0,0,0,0,0,0,1,3,0,0,0,0,5,0,0,0,0,0,1,0,0,0,0,0,0,0,0,0,0,0,0,0,0,5,0,0,1,1,0,0,,0,0,0,0,0,0,0,0,0,1,3,0,0,0,1,0,0,0,0,5,1,1,0,0,0,0,0,0,0,1,5,0,0,0,0,0,0,1,0,0,0,0,-1,0,5,0,5,0,0,0,0,0,5,0,0,0,0,0,0,1,0,0,0,0,0,0,5,0,5,,0,0,0,1,0,0,0,1,0,0,0,0,0,0,0,0,0,0,0,0,0,0,0,0,5,0,0,0,0,0,0,0,0,1,3,0,0,1,0,0,0,0,,0,1,5,0,0,0,1,0,1,1,3,1,0,0,0,1,5,0,0,0,0,0,0,,,5,0
Madagascar,1,0,0,0,0,5,0,0,0,0,3,0,1,3,1,1,0,0,1,0,0,0,0,0,0,0,0,1,3,0,0,0,0,5,0,0,0,0,0,1,0,0,0,0,0,0,0,0,0,0,0,0,0,0,5,0,0,1,1,0,0,,0,0,0,0,0,0,0,0,0,1,3,0,0,0,0,0,0,0,0,5,1,1,0,0,0,1,0,0,0,1,5,0,0,0,0,0,0,1,0,0,0,0,0,-1,5,0,5,0,0,0,0,0,5,0,0,0,0,0,0,1,0,0,5,0,0,0,5,0,5,,0,0,0,1,0,0,0,1,0,0,0,0,0,0,0,0,0,0,0,3,0,0,0,0,5,0,0,0,0,0,0,0,0,1,3,0,0,1,0,0,0,0,,0,1,5,0,0,0,1,0,1,1,3,1,0,0,0,1,5,0,0,0,0,0,0,,,5,0
Malawi,1,0,0,0,0,5,0,0,0,0,3,0,1,3,1,1,0,0,1,0,0,0,0,0,0,0,0,1,3,0,0,0,0,5,0,0,0,0,0,1,0,0,0,0,0,0,0,0,0,0,0,0,0,0,5,0,0,1,1,0,0,,0,0,0,0,0,0,0,0,0,1,3,0,0,0,0,0,0,0,0,5,1,1,0,0,0,1,0,0,0,1,5,0,0,0,0,0,0,1,0,0,0,0,0,0,-1,0,5,0,0,0,0,0,5,0,0,0,0,0,0,1,0,0,5,0,0,0,5,0,5,,0,0,0,1,0,0,0,1,0,0,0,0,0,0,0,0,0,0,0,3,0,0,0,0,5,0,0,0,0,0,0,0,0,1,3,0,0,1,0,0,0,0,,0,1,5,0,0,0,1,0,1,1,3,1,0,0,0,1,5,0,0,0,0,0,0,,,5,0
Malaysia,1,0,0,0,0,5,0,0,0,0,3,0,1,3,1,1,0,0,1,0,0,0,0,0,0,0,0,1,3,0,0,0,0,5,0,0,0,0,0,1,0,0,0,0,0,0,0,0,0,0,0,0,0,0,5,0,0,1,1,0,0,,0,0,0,0,0,0,0,0,0,1,3,0,0,0,0,0,0,0,0,5,1,1,0,0,0,0,0,0,0,1,5,0,0,0,0,0,0,1,0,0,0,0,0,0,5,-1,0,0,0,0,0,0,5,0,0,0,0,0,0,1,0,0,5,0,0,0,5,0,5,,0,0,0,1,0,0,0,1,0,0,0,0,0,0,0,0,0,0,0,0,0,0,0,0,5,0,0,0,0,0,0,0,0,1,3,0,0,1,0,0,0,0,,0,1,5,0,0,0,1,0,1,1,3,1,0,0,0,1,5,0,0,0,0,0,0,,,5,0
Maldives,1,0,0,0,0,5,0,0,0,0,3,0,1,3,1,1,0,0,1,0,0,0,0,0,0,0,0,1,3,0,0,0,0,5,0,0,0,0,0,1,0,0,0,0,0,0,0,0,0,0,0,0,0,0,5,0,0,1,1,0,0,,0,0,0,0,0,0,0,0,0,1,3,0,0,0,0,0,0,0,0,5,1,1,0,0,0,1,0,0,0,1,5,0,0,0,0,0,0,1,0,0,0,0,0,0,5,0,-1,0,0,0,0,0,5,0,0,0,0,0,0,1,0,0,5,0,0,0,5,0,5,,0,0,0,1,0,0,0,1,0,0,0,0,0,0,0,0,0,0,0,3,0,0,0,0,5,0,0,0,0,0,0,0,0,1,3,0,0,1,0,0,0,0,,0,1,5,0,0,0,1,0,1,1,3,1,0,0,0,1,5,0,0,0,0,0,0,,,5,0
Mali,1,0,0,0,0,5,0,0,0,0,3,0,1,3,1,1,0,0,1,0,0,0,0,0,0,0,0,1,3,0,0,0,0,5,0,0,0,0,0,1,0,0,0,0,0,0,0,0,0,0,0,0,0,0,5,0,0,1,1,0,0,,0,0,0,0,0,0,0,0,0,1,3,0,0,0,0,0,0,0,0,5,1,1,0,0,0,1,0,0,0,1,5,0,0,0,0,0,0,1,0,0,0,0,0,0,5,0,5,-1,0,0,0,0,5,0,0,0,0,0,0,1,0,0,5,0,0,0,5,0,5,,0,0,0,1,0,0,0,1,0,0,0,0,0,0,0,0,0,0,0,3,0,0,0,0,5,0,0,0,0,0,0,0,0,1,3,0,0,1,0,0,0,0,,0,1,5,0,0,0,1,0,1,1,3,1,0,0,0,1,5,0,0,0,0,0,0,,,5,0
Malta,1,0,0,0,0,0,0,0,0,3,3,0,1,0,1,1,0,0,1,0,0,0,0,0,0,1,0,1,3,0,0,0,0,5,0,0,0,0,0,1,0,0,0,0,0,0,0,0,0,0,0,0,0,0,5,1,0,1,0,0,0,,0,0,0,0,0,1,0,0,0,1,3,0,0,0,0,1,1,0,0,5,1,1,0,5,0,0,0,0,0,1,5,0,0,0,1,0,0,1,0,0,0,5,0,0,1,0,5,0,-1,0,0,0,5,0,0,0,0,0,0,1,0,0,5,0,5,0,5,0,5,,0,0,0,1,0,0,0,1,0,0,0,0,0,0,1,0,0,0,0,3,0,0,0,0,5,0,0,0,0,5,0,0,0,1,3,1,0,1,0,0,5,0,,0,1,5,0,0,0,1,0,1,1,3,1,0,0,0,1,0,0,0,0,0,0,0,,,5,0
Marshall Islands,1,0,0,0,0,5,0,0,0,0,3,0,1,3,1,1,0,0,1,0,0,0,0,0,0,0,0,1,3,0,0,0,0,5,0,0,0,0,0,1,0,0,0,0,0,0,0,0,0,0,0,0,0,0,5,0,0,1,1,0,0,,0,0,0,0,0,0,0,0,0,1,3,0,0,0,0,0,0,0,0,5,1,1,0,0,0,1,0,0,0,1,5,0,0,0,0,0,0,1,0,0,0,0,0,0,5,0,5,0,0,-1,0,0,5,0,0,0,0,0,0,1,0,0,5,0,0,0,5,0,5,,0,0,0,1,0,0,0,1,0,0,0,0,0,0,0,0,0,0,0,3,0,0,0,0,5,0,0,0,0,0,0,0,0,1,3,0,0,1,0,0,0,0,,0,1,5,0,0,0,1,0,1,1,3,1,0,0,0,1,5,0,0,0,0,0,0,,,5,0
Mauritania,1,0,0,0,0,5,0,0,0,0,3,0,1,3,1,1,0,0,1,0,0,0,0,0,0,0,0,1,3,0,0,0,0,5,0,0,0,0,0,1,0,0,0,0,0,0,0,0,0,0,0,0,0,0,5,0,0,1,1,0,0,,0,0,0,0,0,0,0,0,0,1,3,0,0,0,0,0,0,0,0,5,1,1,0,0,0,1,0,0,0,1,5,0,0,0,0,0,0,1,0,0,0,0,0,0,5,0,5,0,0,0,-1,0,5,0,0,0,0,0,0,1,0,0,5,0,0,0,5,0,5,,0,0,0,1,0,0,0,1,0,0,0,0,0,0,0,0,0,0,0,3,0,0,0,0,5,0,0,0,0,0,0,0,0,1,3,0,0,1,0,0,0,0,,0,1,5,0,0,0,1,0,1,0,3,1,0,0,0,1,5,0,0,0,0,0,0,,,5,0
Mauritius,1,0,0,0,0,5,0,0,0,0,3,0,1,3,1,1,0,0,1,0,0,0,0,0,0,0,0,1,3,0,0,0,0,5,0,0,0,0,0,1,0,0,0,0,0,0,0,0,0,0,0,0,0,0,5,0,0,1,1,0,0,,0,0,0,0,0,0,0,0,0,1,3,0,0,0,0,0,0,0,0,5,1,1,0,0,0,0,0,0,0,1,5,0,0,0,0,0,0,1,0,0,0,0,0,0,5,0,5,0,0,0,0,-1,5,0,0,0,0,0,0,1,0,0,5,0,0,0,5,0,5,,0,0,0,1,0,0,0,1,0,0,0,0,0,0,0,0,0,0,0,3,0,0,0,0,5,0,0,0,0,0,0,0,0,1,3,0,0,1,0,0,0,0,,0,1,5,0,0,0,1,0,1,1,3,1,0,0,0,1,5,0,0,0,0,0,0,,,5,0
Mexico,1,0,0,0,0,5,0,0,0,0,3,0,1,3,1,1,0,0,1,0,0,0,0,0,0,0,0,1,3,0,0,0,0,5,0,0,0,0,0,1,0,0,0,0,0,0,0,0,0,0,0,0,0,0,5,0,0,1,1,0,0,,0,0,0,0,0,0,0,0,0,1,3,0,0,0,0,0,0,0,0,5,1,1,0,0,0,1,0,0,0,1,5,0,0,0,0,0,0,1,0,0,0,0,0,0,5,0,5,0,0,0,0,0,-1,0,0,0,0,0,0,1,0,0,5,0,0,0,5,0,5,,0,0,0,1,0,0,0,1,0,0,0,0,0,0,0,0,0,0,0,3,0,0,0,0,5,0,0,0,0,0,0,0,0,1,3,0,0,1,0,0,0,0,,0,1,5,0,0,0,1,0,1,1,3,1,0,0,0,1,5,0,0,0,0,0,0,,,5,0
Micronesia,1,0,0,0,0,5,0,0,0,0,3,0,1,3,1,1,0,0,1,0,0,0,0,0,0,0,0,1,3,0,0,0,0,5,0,0,0,0,0,1,0,0,0,0,0,0,0,0,0,0,0,0,0,0,5,0,0,1,1,0,0,,0,0,0,0,0,0,0,0,0,1,3,0,0,0,0,0,0,0,0,5,1,1,0,0,0,1,0,0,0,1,5,0,0,0,0,0,0,1,0,0,0,0,0,0,5,0,5,0,0,0,0,0,5,-1,0,0,0,0,0,1,0,0,5,0,0,0,5,0,5,,0,0,0,1,0,0,0,1,0,0,0,0,0,0,0,0,0,0,0,3,0,0,0,0,5,0,0,0,0,0,0,0,0,1,3,0,0,1,0,0,0,0,,0,1,5,0,0,0,1,0,1,1,3,1,0,0,0,1,5,0,0,0,0,0,0,,,5,0
Moldova,1,0,0,0,0,5,0,0,0,0,3,0,1,3,1,1,0,0,1,0,0,0,0,0,0,0,0,1,3,0,0,0,0,5,0,0,0,0,0,1,0,0,0,0,0,0,0,0,0,0,0,0,0,0,5,0,0,1,1,0,0,,0,0,0,0,0,0,0,0,0,1,3,0,0,0,0,0,0,0,0,5,1,1,0,0,0,0,0,0,0,1,5,0,0,0,0,0,0,1,0,0,0,0,0,0,5,0,5,0,0,0,0,0,5,0,-1,0,0,0,0,1,0,0,5,0,0,0,5,0,5,,0,0,0,1,0,0,0,1,0,0,0,0,0,0,0,0,0,0,0,3,0,0,0,0,5,0,0,0,0,0,0,0,0,1,3,0,0,1,0,0,0,0,,0,1,5,0,0,0,1,0,1,0,3,1,0,0,0,1,5,0,0,0,0,0,0,,,5,0
Monaco,1,0,0,0,0,5,0,0,0,0,3,0,1,3,1,1,0,0,1,0,0,0,0,0,0,0,0,1,3,0,0,0,0,5,0,0,0,0,0,1,0,0,0,0,0,0,0,0,0,0,0,0,0,0,5,0,0,1,1,0,0,,0,0,0,0,0,0,0,0,0,1,3,0,0,0,0,0,0,0,0,5,1,1,0,0,0,0,0,0,0,1,5,0,0,0,0,0,0,1,0,0,0,0,0,0,5,0,5,0,0,0,0,0,5,0,0,-1,0,0,0,1,0,0,5,0,0,0,5,0,5,,0,0,0,1,0,0,0,1,0,0,0,0,0,0,0,0,0,0,0,3,0,0,0,0,5,0,0,0,0,0,0,0,0,1,3,0,0,1,0,0,0,0,,0,1,5,0,0,0,1,0,1,1,3,1,0,0,0,1,5,0,0,0,0,0,0,,,5,0
Mongolia,1,0,0,0,0,5,0,0,0,0,3,0,1,3,1,1,0,0,1,0,0,0,0,0,0,0,0,1,3,0,0,0,0,5,0,0,0,0,0,1,0,0,0,0,0,0,0,0,0,0,0,0,0,0,5,0,0,1,1,0,0,,0,0,0,0,0,0,0,0,0,1,3,0,0,0,0,0,0,0,0,5,1,1,0,0,0,1,0,0,0,1,5,0,0,0,0,0,0,1,0,0,0,0,0,0,5,0,5,0,0,0,0,0,5,0,0,0,-1,0,0,1,0,0,5,0,0,0,5,0,5,,0,0,0,1,0,0,0,1,0,0,0,0,0,0,0,0,0,0,0,3,0,0,0,0,5,0,0,0,0,0,0,0,0,1,3,0,0,1,0,0,0,0,,0,1,5,0,0,0,1,0,1,0,3,1,0,0,0,1,5,0,0,0,0,0,0,,,5,0
Montenegro,1,0,0,0,0,5,0,0,0,0,3,0,1,3,1,1,0,0,1,0,0,5,0,0,0,1,0,1,3,0,0,0,0,5,0,0,0,0,0,1,0,0,0,0,0,0,0,0,0,0,0,0,0,0,5,0,0,1,1,0,0,,0,0,0,0,0,0,0,0,0,1,3,0,0,0,0,0,0,0,0,5,1,1,0,0,0,0,0,0,0,1,5,0,0,0,0,0,0,1,0,0,0,0,0,0,5,0,5,0,0,0,0,0,5,0,0,0,0,-1,0,1,0,0,5,0,0,0,5,0,5,,0,0,0,1,0,0,0,1,0,0,0,0,0,0,0,0,0,0,0,3,0,0,0,0,5,0,0,0,0,0,0,0,0,1,3,0,0,1,0,0,0,0,,0,1,5,0,0,0,1,0,1,0,3,1,0,0,0,1,5,0,0,0,0,0,0,,,5,0
Morocco,1,0,0,0,0,5,0,0,0,0,3,0,1,3,1,1,0,0,1,0,0,0,0,0,0,0,0,1,3,0,0,0,0,5,0,0,0,0,0,1,0,0,0,0,0,0,0,0,0,0,0,0,0,0,5,0,0,1,1,0,0,,0,0,0,0,0,0,0,0,0,1,3,0,0,0,0,0,0,0,0,5,1,1,0,0,0,0,0,0,0,1,5,0,0,0,0,0,0,1,0,0,0,0,0,0,5,0,5,0,0,0,0,0,5,0,0,0,0,0,-1,1,0,0,5,0,0,0,5,0,5,,0,0,0,1,0,0,0,1,0,0,0,0,0,0,0,0,0,0,0,3,0,0,0,0,5,0,0,0,0,0,0,0,0,1,3,0,0,1,0,0,0,0,,0,1,5,0,0,0,1,0,1,0,3,1,0,0,0,1,5,0,0,0,0,0,0,,,5,0
Mozambique,1,0,0,0,0,5,0,0,0,0,3,0,1,3,1,1,0,0,1,0,0,0,0,0,0,0,0,1,3,0,0,0,0,5,0,0,0,0,0,1,0,0,0,0,0,0,0,0,0,0,0,0,0,0,5,0,0,1,1,0,0,,0,0,0,0,0,0,0,0,0,1,3,0,0,0,0,0,0,0,0,5,1,1,0,0,0,1,0,0,0,1,5,0,0,0,0,0,0,1,0,0,0,0,0,0,5,0,5,0,0,0,0,0,5,0,0,0,0,0,0,-1,0,0,5,0,0,0,5,0,5,,0,0,0,1,0,0,0,1,0,0,0,0,0,0,0,0,0,0,0,3,0,0,0,0,5,0,0,0,0,0,0,0,0,1,3,0,0,1,0,0,0,0,,0,1,5,0,0,0,1,0,1,1,3,1,0,0,0,1,5,0,0,0,0,0,0,,,5,0
Myanmar,1,0,0,0,0,5,0,0,0,0,3,0,1,3,1,1,0,0,1,0,0,0,0,0,0,0,0,1,3,0,0,0,0,5,0,0,0,0,0,1,0,0,0,0,0,0,0,0,0,0,0,0,0,0,5,0,0,1,1,0,0,,0,0,0,0,0,0,0,0,0,1,3,0,0,0,0,0,0,0,0,5,1,1,0,0,0,1,0,0,0,1,5,0,0,0,0,0,0,1,0,0,0,0,0,0,5,0,5,0,0,0,0,0,5,0,0,0,0,0,0,1,-1,0,5,0,0,0,5,0,5,,0,0,0,1,0,0,0,1,0,0,0,0,0,0,0,0,0,0,0,3,0,0,0,0,5,0,0,0,0,0,0,0,0,1,3,0,0,1,0,0,0,0,,0,1,5,0,0,0,1,0,1,1,3,1,0,0,0,1,5,0,0,0,0,0,0,,,5,0
Namibia,1,0,0,0,0,5,0,0,0,0,3,0,1,3,1,1,0,0,1,0,0,0,0,0,0,0,0,1,3,0,0,0,0,5,0,0,0,0,0,1,0,0,0,0,0,0,0,0,0,0,0,0,0,0,5,0,0,1,1,0,0,,0,0,0,0,0,0,0,0,0,1,3,0,0,0,0,0,0,0,0,5,1,1,0,0,0,1,0,0,0,1,5,0,0,0,0,0,0,1,0,0,0,0,0,0,1,0,5,0,0,0,0,0,5,0,0,0,0,0,0,1,0,-1,5,0,0,0,5,0,5,,0,0,0,1,0,0,0,1,0,0,0,0,0,0,0,0,0,0,0,3,0,0,0,0,5,0,0,0,0,0,0,0,0,1,3,0,0,1,0,0,0,0,,0,1,5,0,0,0,1,0,1,1,3,1,0,0,0,1,5,0,0,0,0,0,0,,,5,0
Nauru,1,0,0,0,0,5,0,0,0,0,3,0,1,3,1,1,0,0,1,0,0,0,0,0,0,0,0,1,3,0,0,0,0,5,0,0,0,0,0,1,0,0,0,0,0,0,0,0,0,0,0,0,0,0,5,0,0,1,1,0,0,,0,0,0,0,0,0,0,0,0,1,3,0,0,0,0,0,0,0,0,5,1,1,0,0,0,1,0,0,0,1,5,0,0,0,0,0,0,1,0,0,0,0,0,0,5,0,5,0,0,0,0,0,5,0,0,0,0,0,0,1,0,0,-1,0,0,0,5,0,5,,0,0,0,1,0,0,0,1,0,0,0,0,0,0,0,0,0,0,0,3,0,0,0,0,5,0,0,0,0,0,0,0,0,1,3,0,0,1,0,0,0,0,,0,1,5,0,0,0,1,0,1,1,3,1,0,0,0,1,5,0,0,0,0,0,0,,,5,0
Nepal,1,0,0,0,0,5,0,0,0,0,3,0,1,3,1,1,0,0,1,0,0,0,0,0,0,0,0,1,3,0,0,0,0,5,0,0,0,0,0,1,0,0,0,0,0,0,0,0,0,0,0,0,0,0,5,0,0,1,1,0,0,,0,0,0,0,0,0,0,0,0,1,3,0,0,0,0,0,0,0,0,5,1,1,0,0,0,1,0,0,0,1,5,0,0,0,0,0,0,1,0,0,0,0,0,0,5,0,5,0,0,0,0,0,5,0,0,0,0,0,0,1,0,0,5,-1,0,0,5,0,5,,0,0,0,1,0,0,0,1,0,0,0,0,0,0,0,0,0,0,0,3,0,0,0,0,5,0,0,0,0,0,0,0,0,1,3,0,0,1,0,0,0,0,,0,1,5,0,0,0,1,0,1,0,3,1,0,0,0,1,5,0,0,0,0,0,0,,,5,0
Netherlands,1,0,0,0,0,0,0,0,0,3,3,0,1,0,1,1,0,0,1,0,0,0,0,0,0,1,0,1,3,0,0,0,0,5,0,0,0,0,0,1,0,0,0,0,0,0,0,0,0,0,0,0,0,0,5,1,0,1,0,0,0,,0,0,0,0,0,1,0,0,0,1,3,0,0,0,0,1,1,0,0,5,1,1,0,5,0,0,0,0,0,1,5,0,0,0,5,0,0,1,0,0,0,5,0,0,1,0,5,0,0,0,0,0,5,0,0,0,0,0,0,1,0,0,5,0,-1,0,5,0,0,,0,0,0,1,0,0,0,1,0,0,0,0,0,0,1,0,0,0,0,0,0,0,0,0,5,0,0,0,0,5,0,0,0,1,3,1,0,1,0,0,5,0,,0,1,5,0,0,0,1,0,1,0,3,1,0,0,0,1,0,0,0,0,0,0,0,,,5,0
New Zealand,1,0,0,0,0,5,0,0,0,0,3,0,1,3,1,1,0,0,1,0,0,0,0,0,0,0,0,1,3,0,0,0,0,5,0,0,0,0,0,1,0,0,0,0,0,0,0,0,0,0,0,0,0,0,5,0,0,1,1,0,0,,0,0,0,0,0,0,0,0,0,1,3,0,0,0,0,0,0,0,0,5,1,1,0,0,0,0,0,0,0,1,5,0,0,0,0,0,0,1,0,0,0,0,0,0,5,0,5,0,0,0,0,0,5,0,0,0,0,0,0,1,0,0,5,0,0,-1,5,0,5,,0,0,0,1,0,0,0,1,0,0,0,0,0,0,0,0,0,0,0,3,0,0,0,0,5,0,0,0,0,0,0,0,0,1,3,0,0,1,0,0,0,0,,0,1,5,0,0,0,1,0,1,1,3,1,0,0,0,1,5,0,0,0,0,0,0,,,5,0
Nicaragua,1,0,0,0,0,5,0,0,0,0,3,0,1,3,1,1,0,0,1,0,0,0,0,0,0,0,0,1,3,0,0,0,0,5,0,0,0,0,0,1,0,0,0,0,0,0,0,0,0,0,0,0,0,0,5,0,0,1,1,0,0,,0,0,0,0,0,0,0,0,0,1,3,0,0,0,0,0,0,0,0,5,1,1,0,0,0,1,0,0,0,1,5,0,0,0,0,0,0,1,0,0,0,0,0,0,5,0,5,0,0,0,0,0,5,0,0,0,0,0,0,1,0,0,5,0,0,0,-1,0,5,,0,0,0,1,0,0,0,1,0,0,0,0,0,0,0,0,0,0,0,3,0,0,0,0,5,0,0,0,0,0,0,0,0,1,3,0,0,1,0,0,0,0,,0,1,5,0,0,0,1,0,1,1,3,1,0,0,0,1,5,0,0,0,0,0,0,,,5,0
Niger,1,0,0,0,0,5,0,0,0,0,3,0,1,3,1,1,0,0,1,0,0,0,0,0,0,0,0,1,3,0,0,0,0,5,0,0,0,0,0,1,0,0,0,0,0,0,0,0,0,0,0,0,0,0,5,0,0,1,1,0,0,,0,0,0,0,0,0,0,0,0,1,3,0,0,0,0,0,0,0,0,5,1,1,0,0,0,1,0,0,0,1,5,0,0,0,0,0,0,1,0,0,0,0,0,0,5,0,5,0,0,0,0,0,5,0,0,0,0,0,0,1,0,0,5,0,0,0,5,-1,5,,0,0,0,1,0,0,0,1,0,0,0,0,0,0,0,0,0,0,0,3,0,0,0,0,5,0,0,0,0,0,0,0,0,1,3,0,0,1,0,0,0,0,,0,1,5,0,0,0,1,0,1,0,3,1,0,0,0,1,5,0,0,0,0,0,0,,,5,0
Nigeria,1,0,0,0,0,5,0,0,0,0,3,0,1,3,1,1,0,0,1,0,0,0,0,0,0,0,0,1,3,0,0,0,0,5,0,0,0,0,0,1,0,0,0,0,0,0,0,0,0,0,0,0,0,0,5,0,0,1,1,0,0,,0,0,0,0,0,0,0,0,0,1,3,0,0,0,0,0,0,0,0,5,1,1,0,0,0,1,0,0,0,1,5,0,0,0,0,0,0,1,0,0,0,0,0,0,5,0,5,0,0,0,0,0,5,0,0,0,0,0,0,1,0,0,5,0,0,0,5,0,-1,,0,0,0,1,0,0,0,1,0,0,0,0,0,0,0,0,0,0,0,3,0,0,0,0,5,0,0,0,0,0,0,0,0,1,3,0,0,1,0,0,0,0,,0,1,5,0,0,0,1,0,1,1,3,1,0,0,0,1,5,0,0,0,0,0,0,,,5,0
North Korea,1,0,0,0,0,5,0,0,0,0,3,0,1,3,1,1,0,0,1,0,0,0,0,0,0,0,0,1,3,0,0,0,0,5,0,0,0,0,0,1,0,0,0,0,0,0,0,0,0,0,0,0,0,0,5,0,0,1,1,0,0,,0,0,0,0,0,0,0,0,0,1,3,0,0,0,0,0,0,0,0,5,1,1,0,0,0,1,0,0,0,1,5,0,0,0,0,0,0,1,0,0,0,0,0,0,5,0,5,0,0,0,0,0,5,0,0,0,0,0,0,1,0,0,5,0,0,0,5,0,5,-1,0,0,0,1,0,0,0,1,0,0,0,0,0,0,0,0,0,0,0,3,0,0,0,0,5,0,0,0,0,0,0,0,0,1,3,0,0,1,0,0,0,0,,0,1,5,0,0,0,1,0,1,1,3,1,0,0,0,1,5,0,0,0,0,0,0,,,5,0
North Macedonia,1,0,0,0,0,5,0,0,0,0,3,0,1,3,1,1,0,0,1,0,0,0,0,0,0,0,0,1,3,0,0,0,0,5,0,0,0,0,0,1,0,0,0,0,0,0,0,0,0,0,0,0,0,0,5,0,0,1,1,0,0,,0,0,0,0,0,0,0,0,0,1,3,0,0,0,0,0,0,0,0,5,1,1,0,0,0,0,0,0,0,1,5,0,0,0,0,0,0,1,0,0,0,0,0,0,5,0,5,0,0,0,0,0,5,0,0,0,0,0,0,1,0,0,5,0,0,0,5,0,5,,-1,0,0,1,0,0,0,1,0,0,0,0,0,0,0,0,0,0,0,3,0,0,0,0,5,0,0,0,0,0,0,0,0,1,3,0,0,1,0,0,0,0,,0,1,5,0,0,0,1,0,1,0,3,1,0,0,0,1,5,0,0,0,0,0,0,,,5,0
Norway,1,0,0,0,0,5,0,0,0,3,3,0,1,3,1,1,0,0,1,0,0,0,0,0,0,1,0,1,3,0,0,0,0,5,0,0,0,0,0,1,0,0,0,0,0,0,0,0,0,0,0,0,0,0,5,1,0,1,0,0,0,,0,0,0,0,0,1,0,0,0,1,3,0,0,0,0,1,1,0,0,5,1,1,0,5,0,0,0,0,0,1,5,0,0,0,5,0,0,1,0,0,0,5,0,0,1,0,5,0,0,0,0,0,5,0,0,0,0,0,0,1,0,0,5,0,5,0,5,0,0,,0,-1,0,1,0,0,0,1,0,0,0,0,0,0,1,0,0,0,0,0,0,0,0,0,5,0,0,0,0,5,0,0,0,1,3,1,0,1,0,0,5,0,,0,1,5,0,0,0,1,0,1,0,3,1,0,0,0,1,0,0,0,0,0,0,0,,,5,0
Oman,1,0,0,0,0,5,0,0,0,0,3,0,1,3,1,1,0,0,1,0,0,0,0,0,0,0,0,1,3,0,0,0,0,5,0,0,0,0,0,1,0,0,0,0,0,0,0,0,0,0,0,0,0,0,5,0,0,1,1,0,0,,0,0,0,0,0,0,0,0,0,1,3,0,0,0,0,0,0,0,0,5,1,1,0,0,0,1,0,0,0,1,5,0,0,0,0,0,0,1,0,0,0,0,0,0,5,0,5,0,0,0,0,0,5,0,0,0,0,0,0,1,0,0,5,0,0,0,5,0,5,,0,0,-1,1,0,0,0,1,0,0,0,0,0,0,0,0,0,0,0,3,0,0,0,0,5,0,0,0,0,0,0,0,0,1,3,0,0,1,0,0,0,0,,0,1,5,0,0,0,1,0,1,0,3,1,0,0,0,1,5,0,0,0,0,0,0,,,5,0
Pakistan,1,0,0,0,0,5,0,0,0,0,3,0,1,3,1,1,0,0,1,0,0,0,0,0,0,0,0,1,3,0,0,0,0,5,0,0,0,0,0,1,0,0,0,0,0,0,0,0,0,0,0,0,0,0,5,0,0,1,1,0,0,,0,0,0,0,0,0,0,0,0,1,3,0,0,0,0,0,0,0,0,5,1,1,0,0,0,1,0,0,0,1,5,0,0,0,0,0,0,1,0,0,0,0,0,0,5,0,5,0,0,0,0,0,5,0,0,0,0,0,0,1,0,0,5,0,0,0,5,0,5,,0,0,0,-1,0,0,0,1,0,0,0,0,0,0,0,0,0,0,0,3,0,0,0,0,5,0,0,0,0,0,0,0,0,1,3,0,0,1,0,0,0,0,,0,1,5,0,0,0,1,0,1,1,3,1,0,0,0,1,5,0,0,0,0,0,0,,,5,0
Palau,1,0,0,0,0,5,0,0,0,0,3,0,1,3,1,1,0,0,1,0,0,0,0,0,0,0,0,1,3,0,0,0,0,5,0,0,0,0,0,1,0,0,0,0,0,0,0,0,0,0,0,0,0,0,5,0,0,1,1,0,0,,0,0,0,0,0,0,0,0,0,1,3,0,0,0,0,0,0,0,0,5,1,1,0,0,0,1,0,0,0,1,5,0,0,0,0,0,0,1,0,0,0,0,0,0,5,0,5,0,0,0,0,0,5,0,0,0,0,0,0,1,0,0,5,0,0,0,5,0,5,,0,0,0,1,-1,0,0,1,0,0,0,0,0,0,0,0,0,0,0,3,0,0,0,0,5,0,0,0,0,0,0,0,0,1,3,0,0,1,0,0,0,0,,0,1,5,0,0,0,1,0,1,1,3,1,0,0,0,1,5,0,0,0,0,0,0,,,5,0
Palestine,1,0,0,0,0,5,0,0,0,0,3,0,1,3,1,1,0,0,1,0,0,0,0,0,0,0,0,1,3,0,0,0,0,5,0,0,0,0,0,1,0,0,0,0,0,0,0,0,0,0,0,0,0,0,5,0,0,1,1,0,0,,0,0,0,0,0,0,0,0,0,1,3,0,0,0,0,0,0,0,0,5,1,1,0,0,0,1,0,0,0,1,5,0,0,0,0,0,0,1,0,0,0,0,0,0,5,0,5,0,0,0,0,0,5,0,0,0,0,0,0,1,0,0,5,0,0,0,5,0,5,,0,0,0,1,0,-1,0,1,0,0,0,0,0,0,0,0,0,0,0,3,0,0,0,0,5,0,0,0,0,0,0,0,0,1,3,0,0,1,0,0,0,0,,0,1,5,0,0,0,1,0,1,1,3,1,0,0,0,1,5,0,0,0,0,0,0,,,5,0
Panama,1,0,0,0,0,5,0,0,0,0,3,0,1,3,1,1,0,0,1,0,0,0,0,0,0,0,0,1,3,0,0,0,0,5,0,0,0,0,0,1,0,0,0,0,0,0,0,0,0,0,0,0,0,0,5,0,0,1,1,0,0,,0,0,0,0,0,0,0,0,0,1,3,0,0,0,0,0,0,0,0,5,1,1,0,0,0,0,0,0,0,1,5,0,0,0,0,0,0,1,0,0,0,0,0,0,5,0,5,0,0,0,0,0,5,0,0,0,0,0,0,1,0,0,5,0,0,0,5,0,5,,0,0,0,1,0,0,-1,1,0,0,0,0,0,0,0,0,0,0,0,3,0,0,0,0,5,0,0,0,0,0,0,0,0,1,3,0,0,1,0,0,0,0,,0,1,5,0,0,0,1,0,1,0,3,1,0,0,0,1,5,0,0,0,0,0,0,,,5,0
Papua New Guinea,1,0,0,0,0,5,0,0,0,0,3,0,1,3,1,1,0,0,1,0,0,0,0,0,0,0,0,1,3,0,0,0,0,5,0,0,0,0,0,1,0,0,0,0,0,0,0,0,0,0,0,0,0,0,5,0,0,1,1,0,0,,0,0,0,0,0,0,0,0,0,1,3,0,0,0,0,0,0,0,0,5,1,1,0,0,0,1,0,0,0,1,5,0,0,0,0,0,0,1,0,0,0,0,0,0,5,0,5,0,0,0,0,0,5,0,0,0,0,0,0,1,0,0,5,0,0,0,5,0,5,,0,0,0,1,0,0,0,-1,0,0,0,0,0,0,0,0,0,0,0,3,0,0,0,0,5,0,0,0,0,0,0,0,0,1,3,0,0,1,0,0,0,0,,0,1,5,0,0,0,1,0,1,1,3,1,0,0,0,1,5,0,0,0,0,0,0,,,5,0
Paraguay,1,0,0,0,0,5,0,0,0,0,3,0,1,3,1,1,0,0,1,0,0,0,0,0,0,0,0,1,3,0,0,0,0,5,0,0,0,0,0,1,0,0,0,0,0,0,0,0,0,0,0,0,0,0,5,0,0,1,1,0,0,,0,0,0,0,0,0,0,0,0,1,3,0,0,0,0,0,0,0,0,5,1,1,0,0,0,1,0,0,0,1,5,0,0,0,0,0,0,1,0,0,0,0,0,0,5,0,5,0,0,0,0,0,5,0,0,0,0,0,0,1,0,0,5,0,0,0,5,0,5,,0,0,0,1,0,0,0,1,-1,0,0,0,0,0,0,0,0,0,0,3,0,0,0,0,5,0,0,0,0,0,0,0,0,1,3,0,0,1,0,0,0,0,,0,1,5,0,0,0,1,0,1,1,3,1,0,0,0,1,5,0,0,0,0,0,0,,,5,0
Peru,1,0,0,0,0,5,0,0,0,0,3,0,1,3,1,1,0,0,1,0,0,0,0,0,0,0,0,1,3,0,0,0,0,5,0,0,0,0,0,1,0,0,0,0,0,0,0,0,0,0,0,0,0,0,5,0,0,1,1,0,0,,0,0,0,0,0,0,0,0,0,1,3,0,0,0,0,0,0,0,0,5,1,1,0,0,0,1,0,0,0,1,5,0,0,0,0,0,0,1,0,0,0,0,0,0,5,0,5,0,0,0,0,0,5,0,0,0,0,0,0,1,0,0,5,0,0,0,5,0,5,,0,0,0,1,0,0,0,1,0,-1,0,0,0,0,0,0,0,0,0,3,0,0,0,0,5,0,0,0,0,0,0,0,0,1,3,0,0,1,0,0,0,0,,0,1,5,0,0,0,1,0,1,0,3,1,0,0,0,1,5,0,0,0,0,0,0,,,5,0
Philippines,1,0,0,0,0,5,0,0,0,0,3,0,1,3,1,1,0,0,1,0,0,0,0,0,0,0,0,1,3,0,0,0,0,5,0,0,0,0,0,1,0,0,0,0,0,0,0,0,0,0,0,0,0,0,5,0,0,1,1,0,0,,0,0,0,0,0,0,0,0,0,1,3,0,0,0,0,0,0,0,0,5,1,1,0,0,0,0,0,0,0,1,5,0,0,0,0,0,0,1,0,0,0,0,0,0,5,0,5,0,0,0,0,0,5,0,0,0,0,0,0,1,0,0,5,0,0,0,5,0,5,,0,0,0,1,0,0,0,1,0,0,-1,0,0,0,0,0,0,0,0,3,0,0,0,0,5,0,0,0,0,0,0,0,0,1,3,0,0,1,0,0,0,0,,0,1,5,0,0,0,1,0,1,0,3,1,0,0,0,1,5,0,0,0,0,0,0,,,5,0
Poland,1,0,0,0,0,0,0,0,0,3,3,0,1,0,1,1,0,0,1,0,0,0,0,0,0,1,0,1,3,0,0,0,0,5,0,0,0,0,0,1,0,0,0,0,0,0,0,0,0,0,0,0,0,0,5,1,0,1,0,0,0,,0,0,0,0,0,1,0,0,0,1,3,0,0,0,0,1,1,0,0,5,1,1,0,5,0,0,0,0,0,1,5,0,0,0,5,0,0,1,0,0,0,5,0,0,1,0,5,0,0,0,0,0,5,0,0,0,0,0,0,1,0,0,5,0,5,0,5,0,5,,0,0,0,1,0,0,0,1,0,0,0,-1,0,0,1,0,0,0,0,3,0,0,0,0,5,0,0,0,0,5,0,0,0,1,3,1,0,1,0,0,5,0,,0,1,5,0,0,0,1,0,1,0,3,1,0,0,0,1,0,0,0,0,0,0,0,,,5,0
Portugal,1,0,0,0,0,0,0,0,0,3,3,0,1,0,1,1,0,0,1,0,0,0,0,0,0,1,0,1,3,0,0,0,0,5,0,0,0,0,0,1,0,0,0,0,0,0,0,0,0,0,0,0,0,0,5,1,0,1,0,0,0,,0,0,0,0,0,1,0,0,0,1,3,0,0,0,0,1,1,0,0,5,1,1,0,5,0,0,0,0,0,1,5,0,0,0,1,0,0,1,0,0,0,5,0,0,1,0,5,0,0,0,0,0,5,0,0,0,0,0,0,1,0,0,5,0,5,0,5,0,5,,0,0,0,1,0,0,0,1,0,0,0,0,-1,0,1,0,0,0,0,3,0,0,0,0,5,0,0,0,0,5,0,0,0,1,3,1,0,1,0,0,5,0,,0,1,5,0,0,0,1,0,1,0,3,1,0,0,0,1,0,0,0,0,0,0,0,,,5,0
Qatar,1,0,0,0,0,5,0,0,0,0,3,0,1,3,1,1,0,0,1,0,0,0,0,0,0,0,0,1,3,0,0,0,0,5,0,0,0,0,0,1,0,0,0,0,0,0,0,0,0,0,0,0,0,0,5,0,0,1,1,0,0,,0,0,0,0,0,0,0,0,0,1,3,0,0,0,0,0,0,0,0,5,1,1,0,0,0,1,0,0,0,1,5,0,0,0,0,0,0,1,0,0,0,0,0,0,5,0,5,0,0,0,0,0,5,0,0,0,0,0,0,1,0,0,5,0,0,0,5,0,5,,0,0,0,1,0,0,0,1,0,0,0,0,0,-1,0,0,0,0,0,0,0,0,0,0,5,0,0,0,0,0,0,0,0,1,3,0,0,1,0,0,0,0,,0,1,5,0,0,0,1,0,1,1,3,1,0,0,0,1,5,0,0,0,0,0,0,,,5,0
Romania,1,0,0,0,0,0,0,0,0,3,3,0,1,0,1,1,0,0,1,0,0,0,0,0,0,1,0,1,3,0,0,0,0,5,0,0,0,0,0,1,0,0,0,0,0,0,0,0,0,0,0,0,0,0,5,1,0,1,0,0,0,,0,0,0,0,0,1,0,0,0,1,3,0,0,0,0,1,1,0,0,5,1,1,0,5,0,0,0,0,0,1,5,0,0,0,5,0,0,1,0,0,0,5,0,0,1,0,5,0,0,0,0,0,5,0,0,0,0,0,0,1,0,0,5,0,5,0,5,0,5,,0,0,0,1,0,0,0,1,0,0,0,0,0,0,-1,0,0,0,0,3,0,0,0,0,5,0,0,0,0,5,0,0,0,1,3,1,0,1,0,0,5,0,,0,1,5,0,0,0,1,0,1,1,3,1,0,0,0,1,5,0,0,0,0,0,0,,,5,0
Russian Federation,1,0,0,0,0,5,0,0,0,0,3,0,1,3,1,1,0,0,1,0,0,0,0,0,0,0,0,1,3,0,0,0,0,5,0,0,0,0,0,1,0,0,0,0,0,0,0,0,0,0,0,0,0,0,5,0,0,1,1,0,0,,0,0,0,0,0,0,0,0,0,1,3,0,0,0,0,0,0,0,0,5,1,1,0,0,0,1,0,0,0,1,5,0,0,0,0,0,0,1,0,0,0,0,0,0,5,0,5,0,0,0,0,0,5,0,0,0,0,0,0,1,0,0,5,0,0,0,5,0,5,,0,0,0,1,0,0,0,1,0,0,0,0,0,0,0,-1,0,0,0,3,0,0,0,0,5,0,0,0,0,0,0,0,0,1,3,0,0,1,0,0,0,0,,0,1,5,0,0,0,1,0,1,1,3,1,0,0,0,1,5,0,0,0,0,0,0,,,5,0
Rwanda,1,0,0,0,0,5,0,0,0,0,3,0,1,3,1,1,0,0,1,0,0,0,0,0,0,0,0,1,3,0,0,0,0,5,0,0,0,0,0,1,0,0,0,0,0,0,0,0,0,0,0,0,0,0,5,0,0,1,1,0,0,,0,0,0,0,0,0,0,0,0,1,3,0,0,0,0,0,0,0,0,5,1,1,0,0,0,1,0,0,0,1,5,0,0,0,0,0,0,1,0,0,0,0,0,0,5,0,5,0,0,0,0,0,5,0,0,0,0,0,0,1,0,0,5,0,0,0,5,0,5,,0,0,0,1,0,0,0,1,0,0,0,0,0,0,0,0,-1,0,0,3,0,0,0,0,5,0,0,0,0,0,0,0,0,1,3,0,0,1,0,0,0,0,,0,1,5,0,0,0,1,0,1,1,3,1,0,0,0,1,5,0,0,0,0,0,0,,,5,0
Saint Kitts and Nevis,1,0,0,0,0,5,0,0,0,0,3,0,1,3,1,1,0,0,1,0,0,0,0,0,0,0,0,1,3,0,0,0,0,5,0,0,0,0,0,1,0,0,0,0,0,0,0,0,0,0,0,0,0,0,5,0,0,1,1,0,0,,0,0,0,0,0,0,0,0,0,1,3,0,0,0,0,0,0,0,0,5,1,1,0,0,0,1,0,0,0,1,5,0,0,0,0,0,0,1,0,0,0,0,0,0,5,0,5,0,0,0,0,0,5,0,0,0,0,0,0,1,0,0,5,0,0,0,5,0,5,,0,0,0,1,0,0,0,1,0,0,0,0,0,0,0,0,0,-1,0,3,0,0,0,0,5,0,0,0,0,0,0,0,0,1,3,0,0,1,0,0,0,0,,0,1,5,0,0,0,1,0,1,1,3,1,0,0,0,1,5,0,0,0,0,0,0,,,5,0
Saint Lucia,1,0,0,0,0,5,0,0,0,0,3,0,1,3,1,1,0,0,1,0,0,0,0,0,0,0,0,1,3,0,0,0,0,5,0,0,0,0,0,1,0,0,0,0,0,0,0,0,0,0,0,0,0,0,5,0,0,1,1,0,0,,0,0,0,0,0,0,0,0,0,1,3,0,0,0,0,0,0,0,0,5,1,1,0,0,0,1,0,0,0,1,5,0,0,0,0,0,0,1,0,0,0,0,0,0,5,0,5,0,0,0,0,0,5,0,0,0,0,0,0,1,0,0,5,0,0,0,5,0,5,,0,0,0,1,0,0,0,1,0,0,0,0,0,0,0,0,0,0,-1,3,0,0,0,0,5,0,0,0,0,0,0,0,0,1,3,0,0,1,0,0,0,0,,0,1,5,0,0,0,1,0,1,1,3,1,0,0,0,1,5,0,0,0,0,0,0,,,5,0
Samoa,1,0,0,0,0,5,0,0,0,0,3,0,1,3,1,1,0,0,1,0,0,0,0,0,0,0,0,1,3,0,0,0,0,5,0,0,0,0,0,1,0,0,0,0,0,0,0,0,0,0,0,0,0,0,5,0,0,1,1,0,0,,0,0,0,0,0,0,0,0,0,1,3,0,0,0,0,0,0,0,0,5,1,1,0,0,0,1,0,0,0,1,5,0,0,0,0,0,0,1,0,0,0,0,0,0,5,0,5,0,0,0,0,0,5,0,0,0,0,0,0,1,0,0,5,0,0,0,5,0,5,,0,0,0,1,0,0,0,1,0,0,0,0,0,0,0,0,0,0,0,-1,0,0,0,0,5,0,0,0,0,0,0,0,0,1,3,0,0,1,0,0,0,0,,0,1,5,0,0,0,1,0,1,1,3,1,0,0,0,1,5,0,0,0,0,0,0,,,5,0
San Marino,1,0,0,0,0,5,0,0,0,0,3,0,1,3,1,1,0,0,1,0,0,0,0,0,0,0,0,1,3,0,0,0,0,5,0,0,0,0,0,1,0,0,0,0,0,0,0,0,0,0,0,0,0,0,5,0,0,1,1,0,0,,0,0,0,0,0,0,0,0,0,1,3,0,0,0,0,0,0,0,0,5,1,1,0,0,0,0,0,0,0,1,5,0,0,0,0,0,0,1,0,0,0,0,0,0,5,0,5,0,0,0,0,0,5,0,0,0,0,0,0,1,0,0,5,0,0,0,5,0,5,,0,0,0,1,0,0,0,1,0,0,0,0,0,0,0,0,0,0,0,3,-1,0,0,0,5,0,0,0,0,0,0,0,0,1,3,0,0,1,0,0,0,0,,0,1,5,0,0,0,1,0,1,1,3,1,0,0,0,1,5,0,0,0,0,0,0,,,5,0
Sao Tome and Principe,1,0,0,0,0,5,0,0,0,0,3,0,1,3,1,1,0,0,1,0,0,0,0,0,0,0,0,1,3,0,0,0,0,5,0,0,0,0,0,1,0,0,0,0,0,0,0,0,0,0,0,0,0,0,5,0,0,1,1,0,0,,0,0,0,0,0,0,0,0,0,1,3,0,0,0,0,0,0,0,0,5,1,1,0,0,0,1,0,0,0,1,5,0,0,0,0,0,0,1,0,0,0,0,0,0,5,0,5,0,0,0,0,0,5,0,0,0,0,0,0,1,0,0,5,0,0,0,5,0,5,,0,0,0,1,0,0,0,1,0,0,0,0,0,0,0,0,0,0,0,3,0,-1,0,0,5,0,0,0,0,0,0,0,0,1,3,0,0,1,0,0,0,0,,0,1,5,0,0,0,1,0,1,1,3,1,0,0,0,1,5,0,0,0,0,0,0,,,5,0
Saudi Arabia,1,0,0,0,0,5,0,0,0,0,3,0,1,3,1,1,0,0,1,0,0,0,0,0,0,0,0,1,3,0,0,0,0,5,0,0,0,0,0,1,0,0,0,0,0,0,0,0,0,0,0,0,0,0,5,0,0,1,1,0,0,,0,0,0,0,0,0,0,0,0,1,3,0,0,0,0,0,0,0,0,5,1,1,0,0,0,1,0,0,0,1,5,0,0,0,0,0,0,1,0,0,0,0,0,0,5,0,5,0,0,0,0,0,5,0,0,0,0,0,0,1,0,0,5,0,0,0,5,0,5,,0,0,0,1,0,0,0,1,0,0,0,0,0,0,0,0,0,0,0,3,0,0,-1,0,5,0,0,0,0,0,0,0,0,1,3,0,0,1,0,0,0,0,,0,1,5,0,0,0,1,0,1,0,3,1,0,0,0,1,5,0,0,0,0,0,0,,,5,0
Senegal,1,0,0,0,0,5,0,0,0,0,3,0,1,3,1,1,0,0,1,0,0,0,0,0,0,0,0,1,3,0,0,0,0,5,0,0,0,0,0,1,0,0,0,0,0,0,0,0,0,0,0,0,0,0,5,0,0,1,1,0,0,,0,0,0,0,0,0,0,0,0,1,3,0,0,0,0,0,0,0,0,5,1,1,0,0,0,1,0,0,0,1,5,0,0,0,0,0,0,1,0,0,0,0,0,0,5,0,5,0,0,0,0,0,5,0,0,0,0,0,0,1,0,0,5,0,0,0,5,0,5,,0,0,0,1,0,0,0,1,0,0,0,0,0,0,0,0,0,0,0,3,0,0,0,-1,5,0,0,0,0,0,0,0,0,1,3,0,0,1,0,0,0,0,,0,1,5,0,0,0,1,0,1,1,3,1,0,0,0,1,5,0,0,0,0,0,0,,,5,0
Serbia,1,0,0,0,0,5,0,0,0,0,3,0,1,3,1,1,0,0,1,0,0,5,0,0,0,1,0,1,3,0,0,0,0,5,0,0,0,0,0,1,0,0,0,0,0,0,0,0,0,0,0,0,0,0,5,0,0,1,1,0,0,,0,0,0,0,0,0,0,0,0,1,3,0,0,0,0,0,0,0,0,5,1,1,0,0,0,0,0,0,0,1,5,0,0,0,0,0,0,1,0,0,0,0,0,0,5,0,5,0,0,0,0,0,5,0,0,0,0,0,0,1,0,0,5,0,0,0,5,0,5,,0,0,0,1,0,0,0,1,0,0,0,0,0,0,0,0,0,0,0,3,0,0,0,0,-1,0,0,0,0,0,0,0,0,1,3,0,0,1,0,0,0,0,,0,1,5,0,0,0,1,0,1,1,3,1,0,0,0,1,5,0,0,0,0,0,0,,,5,0
Seychelles,1,0,0,0,0,5,0,0,0,0,3,0,1,3,1,1,0,0,1,0,0,0,0,0,0,0,0,1,3,0,0,0,0,5,0,0,0,0,0,1,0,0,0,0,0,0,0,0,0,0,0,0,0,0,5,0,0,1,1,0,0,,0,0,0,0,0,0,0,0,0,1,3,0,0,0,0,0,0,0,0,5,1,1,0,0,0,1,0,0,0,1,5,0,0,0,0,0,0,1,0,0,0,0,0,0,1,0,5,0,0,0,0,0,5,0,0,0,0,0,0,1,0,0,5,0,0,0,5,0,5,,0,0,0,1,0,0,0,1,0,0,0,0,0,0,0,0,0,0,0,3,0,0,0,0,5,-1,0,0,0,0,0,0,0,1,3,0,0,1,0,0,0,0,,0,1,5,0,0,0,1,0,1,1,3,1,0,0,0,1,5,0,0,0,0,0,0,,,5,0
Sierra Leone,1,0,0,0,0,5,0,0,0,0,3,0,1,3,1,1,0,0,1,0,0,0,0,0,0,0,0,1,3,0,0,0,0,5,0,0,0,0,0,1,0,0,0,0,0,0,0,0,0,0,0,0,0,0,5,0,0,1,1,0,0,,0,0,0,0,0,0,0,0,0,1,3,0,0,0,0,0,0,0,0,5,1,1,0,0,0,1,0,0,0,1,5,0,0,0,0,0,0,1,0,0,0,0,0,0,5,0,5,0,0,0,0,0,5,0,0,0,0,0,0,1,0,0,5,0,0,0,5,0,5,,0,0,0,1,0,0,0,1,0,0,0,0,0,0,0,0,0,0,0,3,0,0,0,0,5,0,-1,0,0,0,0,0,0,1,3,0,0,1,0,0,0,0,,0,1,5,0,0,0,1,0,1,1,3,1,0,0,0,1,5,0,0,0,0,0,0,,,5,0
Singapore,1,0,0,0,0,0,0,0,0,0,3,0,1,3,1,1,0,0,1,0,0,0,0,0,0,0,0,1,3,0,0,0,0,5,0,3,0,0,0,1,0,0,0,0,0,0,0,0,0,0,0,0,0,0,5,0,0,1,1,0,0,,0,0,0,0,0,0,0,0,0,1,3,0,0,0,0,0,0,0,0,5,1,1,0,0,0,0,0,0,0,1,5,0,0,0,0,0,0,1,0,0,0,0,0,0,5,0,5,0,0,0,0,0,5,0,0,0,0,0,0,1,0,0,5,0,0,0,5,0,5,,0,0,0,1,0,0,0,1,0,0,0,0,0,0,0,0,0,0,0,0,0,0,0,0,5,0,0,-1,0,0,0,0,0,1,3,0,0,1,0,0,0,0,,0,1,5,0,0,0,1,0,1,1,3,1,0,0,0,1,5,0,0,0,0,0,0,,,5,0
Slovakia,1,0,0,0,0,0,0,0,0,3,3,0,1,0,1,1,0,0,1,0,0,0,0,0,0,1,0,1,3,0,0,0,0,5,0,0,0,0,0,1,0,0,0,0,0,0,0,0,0,0,0,0,0,0,5,1,0,1,0,0,0,,0,0,0,0,0,1,0,0,0,1,3,0,0,0,0,1,1,0,0,5,1,1,0,5,0,0,0,0,0,1,5,0,0,0,5,0,0,1,0,0,0,5,0,0,1,0,5,0,0,0,0,0,5,0,0,0,0,0,0,1,0,0,5,0,5,0,5,0,5,,0,0,0,1,0,0,0,1,0,0,0,0,0,0,1,0,0,0,0,3,0,0,0,0,5,0,0,0,-1,5,0,0,0,1,3,1,0,1,0,0,5,0,,0,1,5,0,0,0,1,0,1,1,3,1,0,0,0,1,0,0,0,0,0,0,0,,,5,0
Slovenia,1,0,0,0,0,0,0,0,0,3,3,0,1,0,1,1,0,0,1,0,0,0,0,0,0,1,0,1,3,0,0,0,0,5,0,0,0,0,0,1,0,0,0,0,0,0,0,0,0,0,0,0,0,0,5,1,0,1,0,0,0,,0,0,0,0,0,1,0,0,0,1,3,0,0,0,0,1,1,0,0,5,1,1,0,5,0,0,0,0,0,1,5,0,0,0,5,0,0,1,0,0,0,5,0,0,1,0,5,0,0,0,0,0,5,0,0,0,0,0,0,1,0,0,5,0,5,0,5,0,5,,0,0,0,1,0,0,0,1,0,0,0,0,0,0,1,0,0,0,0,3,0,0,0,0,5,0,0,0,0,-1,0,0,0,1,3,1,0,1,0,0,5,0,,0,1,5,0,0,0,1,0,1,0,3,1,0,0,0,1,0,0,0,0,0,0,0,,,5,0
Solomon Islands,1,0,0,0,0,5,0,0,0,0,3,0,1,3,1,1,0,0,1,0,0,0,0,0,0,0,0,1,3,0,0,0,0,5,0,0,0,0,0,1,0,0,0,0,0,0,0,0,0,0,0,0,0,0,5,0,0,1,1,0,0,,0,0,0,0,0,0,0,0,0,1,3,0,0,0,0,0,0,0,0,5,1,1,0,0,0,1,0,0,0,1,5,0,0,0,0,0,0,1,0,0,0,0,0,0,5,0,5,0,0,0,0,0,5,0,0,0,0,0,0,1,0,0,5,0,0,0,5,0,5,,0,0,0,1,0,0,0,1,0,0,0,0,0,0,0,0,0,0,0,3,0,0,0,0,5,0,0,0,0,0,-1,0,0,1,3,0,0,1,0,0,0,0,,0,1,5,0,0,0,1,0,1,1,3,1,0,0,0,1,5,0,0,0,0,0,0,,,5,0
Somalia,1,0,0,0,0,5,0,0,0,0,3,0,1,3,1,1,0,0,1,0,0,0,0,0,0,0,0,1,3,0,0,0,0,5,0,0,0,0,0,1,0,0,0,0,0,0,0,0,0,0,0,0,0,0,5,0,0,1,1,0,0,,0,0,0,0,0,0,0,0,0,1,3,0,0,0,0,0,0,0,0,5,1,1,0,0,0,1,0,0,0,1,5,0,0,0,0,0,0,1,0,0,0,0,0,0,5,0,5,0,0,0,0,0,5,0,0,0,0,0,0,1,0,0,5,0,0,0,5,0,5,,0,0,0,1,0,0,0,1,0,0,0,0,0,0,0,0,0,0,0,3,0,0,0,0,5,0,0,0,0,0,0,-1,0,1,3,0,0,1,0,0,0,0,,0,1,5,0,0,0,1,0,1,1,3,1,0,0,0,1,5,0,0,0,0,0,0,,,5,0
South Africa,1,0,0,0,0,5,0,0,0,0,3,0,1,3,1,1,0,0,1,0,0,0,0,0,0,0,0,1,3,0,0,0,0,5,0,0,0,0,0,1,0,0,0,0,0,0,0,0,0,0,0,0,0,0,5,0,0,1,1,0,0,,0,0,0,0,0,0,0,0,0,1,3,0,0,0,0,0,0,0,0,5,1,1,0,0,0,1,0,0,0,1,5,0,0,0,0,0,0,1,0,0,0,0,0,0,1,0,5,0,0,0,0,0,5,0,0,0,0,0,0,1,0,0,5,0,0,0,5,0,5,,0,0,0,1,0,0,0,1,0,0,0,0,0,0,0,0,0,0,0,3,0,0,0,0,5,0,0,0,0,0,0,0,-1,1,3,0,0,1,0,0,0,0,,0,1,5,0,0,0,1,0,1,1,3,1,0,0,0,1,5,0,0,0,0,0,0,,,5,0
South Korea,1,0,0,0,0,0,0,0,0,0,3,0,1,3,1,1,0,0,1,0,0,0,0,0,0,0,0,1,3,0,0,0,0,5,0,0,0,0,0,1,0,0,0,0,0,0,0,0,0,0,0,0,0,0,1,0,0,1,0,0,0,,0,0,0,0,0,0,0,0,0,1,3,0,0,0,0,0,0,0,0,5,1,1,0,0,0,0,0,0,0,1,5,0,0,0,0,0,0,1,0,0,0,0,0,0,1,0,0,0,0,0,0,0,5,0,0,0,0,0,0,1,0,0,0,0,0,0,5,0,0,,0,0,0,1,0,0,0,1,0,0,0,0,0,0,0,0,0,0,0,0,0,0,0,0,5,0,0,0,0,0,0,0,0,-1,3,0,0,1,0,0,0,0,,0,1,5,0,0,0,1,0,1,0,3,1,0,0,0,1,5,0,0,0,0,0,0,,,5,0
South Sudan,1,0,0,0,0,5,0,0,0,0,3,0,1,3,1,1,0,0,1,0,0,0,0,0,0,0,0,1,3,0,0,0,0,5,0,0,0,0,0,1,0,0,0,0,0,0,0,0,0,0,0,0,0,0,5,0,0,1,1,0,0,,0,0,0,0,0,0,0,0,0,1,3,0,0,0,0,0,0,0,0,5,1,1,0,0,0,1,0,0,0,1,5,0,0,0,0,0,0,1,0,0,0,0,0,0,5,0,5,0,0,0,0,0,5,0,0,0,0,0,0,1,0,0,5,0,0,0,5,0,5,,0,0,0,1,0,0,0,1,0,0,0,0,0,0,0,0,0,0,0,3,0,0,0,0,5,0,0,0,0,0,0,0,0,1,-1,0,0,1,0,0,0,0,,0,1,5,0,0,0,1,0,1,1,3,1,0,0,0,1,5,0,0,0,0,0,0,,,5,0
Spain,1,0,0,5,0,0,0,0,0,3,3,0,1,0,1,1,0,0,1,0,0,0,0,0,0,1,0,1,3,0,0,0,0,5,0,0,0,0,0,1,0,0,0,0,0,0,0,0,0,0,0,0,0,0,5,1,0,1,0,0,0,,0,0,0,0,0,1,0,0,0,1,3,0,0,0,0,1,1,0,0,5,1,1,0,5,0,0,0,0,0,1,5,0,0,0,1,0,0,1,0,0,0,5,0,0,1,0,0,0,0,0,0,0,5,0,0,0,0,0,0,1,0,0,5,0,5,0,5,0,0,,0,0,0,1,0,0,0,1,0,0,0,0,0,0,1,0,0,0,0,0,0,0,0,0,5,0,0,0,0,5,0,0,0,1,3,-1,0,1,0,0,5,0,,0,1,5,0,0,0,1,0,1,0,3,1,0,0,0,1,0,0,0,0,0,0,0,,,5,0
Sri Lanka,1,0,0,0,0,5,0,0,0,0,3,0,1,3,1,1,0,0,1,0,0,0,0,0,0,0,0,1,3,0,0,0,0,5,0,0,0,0,0,1,0,0,0,0,0,0,0,0,0,0,0,0,0,0,5,0,0,1,1,0,0,,0,0,0,0,0,0,0,0,0,1,3,0,0,0,0,0,0,0,0,5,1,1,0,0,0,1,0,0,0,1,5,0,0,0,0,0,0,1,0,0,0,0,0,0,5,0,0,0,0,0,0,0,5,0,0,0,0,0,0,1,0,0,5,0,0,0,5,0,5,,0,0,0,1,0,0,0,1,0,0,0,0,0,0,0,0,0,0,0,3,0,0,0,0,5,0,0,0,0,0,0,0,0,1,3,0,-1,1,0,0,0,0,,0,1,5,0,0,0,1,0,1,0,3,1,0,0,0,1,5,0,0,0,0,0,0,,,5,0
Saint Vincent and the Grenadines,1,0,0,0,0,5,0,0,0,0,3,0,1,3,1,1,0,0,1,0,0,0,0,0,0,0,0,1,3,0,0,0,0,5,0,0,0,0,0,1,0,0,0,0,0,0,0,0,0,0,0,0,0,0,5,0,0,1,1,0,0,,0,0,0,0,0,0,0,0,0,1,3,0,0,0,0,0,0,0,0,5,1,1,0,0,0,1,0,0,0,1,5,0,0,0,0,0,0,1,0,0,0,0,0,0,5,0,5,0,0,0,0,0,5,0,0,0,0,0,0,1,0,0,5,0,0,0,5,0,5,,0,0,0,1,0,0,0,1,0,0,0,0,0,0,0,0,0,0,0,3,0,0,0,0,5,0,0,0,0,0,0,0,0,1,3,0,0,-1,0,0,0,0,,0,1,5,0,0,0,1,0,1,1,3,1,0,0,0,1,5,0,0,0,0,0,0,,,5,0
Sudan,1,0,0,0,0,5,0,0,0,0,3,0,1,3,1,1,0,0,1,0,0,0,0,0,0,0,0,1,3,0,0,0,0,5,0,0,0,0,0,1,0,0,0,0,0,0,0,0,0,0,0,0,0,0,5,0,0,1,1,0,0,,0,0,0,0,0,0,0,0,0,1,3,0,0,0,0,0,0,0,0,5,1,1,0,0,0,1,0,0,0,1,5,0,0,0,0,0,0,1,0,0,0,0,0,0,5,0,5,0,0,0,0,0,5,0,0,0,0,0,0,1,0,0,5,0,0,0,5,0,5,,0,0,0,1,0,0,0,1,0,0,0,0,0,0,0,0,0,0,0,3,0,0,0,0,5,0,0,0,0,0,0,0,0,1,3,0,0,1,-1,0,0,0,,0,1,5,0,0,0,1,0,1,0,3,1,0,0,0,1,5,0,0,0,0,0,0,,,5,0
Suriname,1,0,0,0,0,5,0,0,0,0,3,0,1,3,1,1,0,0,1,0,0,0,0,0,0,0,0,1,3,0,0,0,0,5,0,0,0,0,0,1,0,0,0,0,0,0,0,0,0,0,0,0,0,0,5,0,0,1,1,0,0,,0,0,0,0,0,0,0,0,0,1,3,0,0,0,0,0,0,0,0,5,1,1,0,0,0,1,0,0,0,1,5,0,0,0,0,0,0,1,0,0,0,0,0,0,5,0,5,0,0,0,0,0,5,0,0,0,0,0,0,1,0,0,5,0,0,0,5,0,5,,0,0,0,1,0,0,0,1,0,0,0,0,0,0,0,0,0,0,0,3,0,0,0,0,5,0,0,0,0,0,0,0,0,1,3,0,0,1,0,-1,0,0,,0,1,5,0,0,0,1,0,1,1,3,1,0,0,0,1,5,0,0,0,0,0,0,,,5,0
Sweden,1,0,0,0,0,0,0,0,0,3,3,0,1,0,1,1,0,0,1,0,0,0,0,0,0,1,0,1,3,0,0,0,0,5,0,0,0,0,0,1,0,0,0,0,0,0,0,0,0,0,0,0,0,0,5,1,0,1,0,0,0,,0,0,0,0,0,1,0,0,0,1,3,0,0,0,0,1,1,0,0,5,1,1,0,5,0,0,0,0,0,1,5,0,0,0,1,0,0,1,0,0,0,5,0,0,1,0,5,0,0,0,0,0,5,0,0,0,0,0,0,1,0,0,5,0,5,0,5,0,5,,0,0,0,1,0,0,0,1,0,0,0,0,0,0,1,0,0,0,0,0,0,0,0,0,5,0,0,0,0,5,0,0,0,1,3,1,0,1,0,0,-1,0,,0,1,5,0,0,0,1,0,1,0,3,1,0,0,0,1,0,0,0,0,0,0,0,,,5,0
Switzerland,1,0,0,0,0,5,0,0,0,3,3,0,1,3,1,1,0,0,1,0,0,0,0,0,0,1,0,1,3,0,0,0,0,5,0,0,0,0,0,1,0,0,0,0,0,0,0,0,0,0,0,0,0,0,5,1,0,1,0,0,0,,0,0,0,0,0,1,0,0,0,1,3,0,0,0,0,1,1,0,0,5,1,1,0,5,0,0,0,0,0,1,5,0,0,0,5,0,0,1,0,5,0,5,0,0,1,0,5,0,0,0,0,0,5,0,0,0,0,0,0,1,0,0,5,0,5,0,5,0,0,,0,0,0,1,0,0,0,1,0,0,0,0,0,0,1,0,0,0,0,0,0,0,0,0,5,0,0,0,0,5,0,0,0,1,3,1,0,1,0,0,5,-1,,0,1,5,0,0,0,1,0,1,0,3,1,0,0,0,1,0,0,0,0,0,0,0,,,5,0
Syria,1,0,0,0,0,5,0,0,0,0,3,0,1,3,1,1,0,0,1,0,0,0,0,0,0,0,0,1,3,0,0,0,0,5,0,0,0,0,0,1,0,0,0,0,0,0,0,0,0,0,0,0,0,0,5,0,0,1,1,0,0,,0,0,0,0,0,0,0,0,0,1,3,0,0,0,0,0,0,0,0,5,1,1,0,0,0,1,0,0,0,1,5,0,0,0,0,0,0,1,0,0,0,0,0,0,5,0,5,0,0,0,0,0,5,0,0,0,0,0,0,1,0,0,5,0,0,0,5,0,5,,0,0,0,1,0,0,0,1,0,0,0,0,0,0,0,0,0,0,0,3,0,0,0,0,5,0,0,0,0,0,0,0,0,1,3,0,0,1,0,0,0,0,-1,0,1,5,0,0,0,1,0,1,1,3,1,0,0,0,1,5,0,0,0,0,0,0,,,5,0
Taiwan,1,0,0,0,0,5,0,0,0,0,3,0,1,3,1,1,0,0,1,0,0,0,0,0,0,0,0,1,3,0,0,0,0,5,0,0,0,0,0,1,0,0,0,0,0,0,0,0,0,0,0,0,0,0,5,0,0,1,1,0,0,,0,0,0,0,0,0,0,0,0,1,3,0,0,0,1,0,0,0,0,5,1,1,0,0,0,0,0,0,0,1,5,0,0,0,0,0,0,1,0,0,0,0,1,0,5,0,5,0,0,0,0,0,5,0,0,0,0,0,0,1,0,0,5,0,0,0,5,0,5,,0,0,0,1,0,0,0,1,0,0,0,0,0,0,0,0,0,0,0,0,0,0,0,0,5,0,0,0,0,0,0,0,0,1,3,0,0,1,0,0,0,0,,-1,1,5,0,0,0,1,0,1,0,3,1,0,0,0,1,5,0,0,0,0,0,0,,,5,0
Tajikistan,1,0,0,0,0,5,0,0,0,0,3,0,1,3,1,1,0,0,1,0,0,0,0,0,0,0,0,1,3,0,0,0,0,5,0,0,0,0,0,1,0,0,0,0,0,0,0,0,0,0,0,0,0,0,5,0,0,1,1,0,0,,0,0,0,0,0,0,0,0,0,1,3,0,0,0,0,0,0,0,0,5,1,1,0,0,0,1,0,0,0,1,5,0,0,0,0,0,0,1,0,0,0,0,0,0,5,0,5,0,0,0,0,0,5,0,0,0,0,0,0,1,0,0,5,0,0,0,5,0,5,,0,0,0,1,0,0,0,1,0,0,0,0,0,0,0,0,0,0,0,3,0,0,0,0,5,0,0,0,0,0,0,0,0,1,3,0,0,1,0,0,0,0,,0,-1,5,0,0,0,1,0,1,1,3,1,0,0,0,1,5,0,0,0,0,0,0,,,5,0
Tanzania,1,0,0,0,0,5,0,0,0,0,3,0,1,3,1,1,0,0,1,0,0,0,0,0,0,0,0,1,3,0,0,0,0,5,0,0,0,0,0,1,0,0,0,0,0,0,0,0,0,0,0,0,0,0,5,0,0,1,1,0,0,,0,0,0,0,0,0,0,0,0,1,3,0,0,0,0,0,0,0,0,5,1,1,0,0,0,1,0,0,0,1,5,0,0,0,0,0,0,1,0,0,0,0,0,0,1,0,5,0,0,0,0,0,5,0,0,0,0,0,0,1,0,0,5,0,0,0,5,0,5,,0,0,0,1,0,0,0,1,0,0,0,0,0,0,0,0,0,0,0,3,0,0,0,0,5,0,0,0,0,0,0,0,0,1,3,0,0,1,0,0,0,0,,0,1,-1,0,0,0,1,0,1,1,3,1,0,0,0,1,5,0,0,0,0,0,0,,,5,0
Thailand,1,0,0,0,0,5,0,0,0,0,3,0,1,3,1,1,0,0,1,0,0,0,0,0,0,0,0,1,3,0,0,0,0,5,0,0,0,0,0,1,0,0,0,0,0,0,0,0,0,0,0,0,0,0,5,0,0,1,1,0,0,,0,0,0,0,0,0,0,0,0,1,3,0,0,0,0,0,0,0,0,5,1,1,0,0,0,0,0,0,0,1,5,0,0,0,0,0,0,1,0,0,0,0,0,0,5,0,5,0,0,0,0,0,5,0,0,0,0,0,0,1,0,0,5,0,0,0,5,0,5,,0,0,0,1,0,0,0,1,0,0,0,0,0,0,0,0,0,0,0,0,0,0,0,0,5,0,0,0,0,0,0,0,0,1,3,0,0,1,0,0,0,0,,0,1,5,-1,0,0,1,0,1,1,3,1,0,0,0,1,5,0,0,0,0,0,0,,,5,0
Timor-Leste,1,0,0,0,0,5,0,0,0,0,3,0,1,3,1,1,0,0,1,0,0,0,0,0,0,0,0,1,3,0,0,0,0,5,0,0,0,0,0,1,0,0,0,0,0,0,0,0,0,0,0,0,0,0,5,0,0,1,1,0,0,,0,0,0,0,0,0,0,0,0,1,3,0,0,0,0,0,0,0,0,5,1,1,0,0,0,1,0,0,0,1,5,0,0,0,0,0,0,1,0,0,0,0,0,0,5,0,5,0,0,0,0,0,5,0,0,0,0,0,0,1,0,0,5,0,0,0,5,0,5,,0,0,0,1,0,0,0,1,0,0,0,0,0,0,0,0,0,0,0,3,0,0,0,0,5,0,0,0,0,0,0,0,0,1,3,0,0,1,0,0,0,0,,0,1,5,0,-1,0,1,0,1,1,3,1,0,0,0,1,5,0,0,0,0,0,0,,,5,0
Togo,1,0,0,0,0,5,0,0,0,0,3,0,1,3,1,1,0,0,1,0,0,0,0,0,0,0,0,1,3,0,0,0,0,5,0,0,0,0,0,1,0,0,0,0,0,0,0,0,0,0,0,0,0,0,5,0,0,1,1,0,0,,0,0,0,0,0,0,0,0,0,1,3,0,0,0,0,0,0,0,0,5,1,1,0,0,0,1,0,0,0,1,5,0,0,0,0,0,0,1,0,0,0,0,0,0,5,0,5,0,0,0,0,0,5,0,0,0,0,0,0,1,0,0,5,0,0,0,5,0,5,,0,0,0,1,0,0,0,1,0,0,0,0,0,0,0,0,0,0,0,3,0,0,0,0,5,0,0,0,0,0,0,0,0,1,3,0,0,1,0,0,0,0,,0,1,5,0,0,-1,1,0,1,1,3,1,0,0,0,1,5,0,0,0,0,0,0,,,5,0
Tonga,1,0,0,0,0,5,0,0,0,0,3,0,1,3,1,1,0,0,1,0,0,0,0,0,0,0,0,1,3,0,0,0,0,5,0,0,0,0,0,1,0,0,0,0,0,0,0,0,0,0,0,0,0,0,5,0,0,1,1,0,0,,0,0,0,0,0,0,0,0,0,1,3,0,0,0,0,0,0,0,0,5,1,1,0,0,0,1,0,0,0,1,5,0,0,0,0,0,0,1,0,0,0,0,0,0,5,0,5,0,0,0,0,0,5,0,0,0,0,0,0,1,0,0,5,0,0,0,5,0,5,,0,0,0,1,0,0,0,1,0,0,0,0,0,0,0,0,0,0,0,3,0,0,0,0,5,0,0,0,0,0,0,0,0,1,3,0,0,1,0,0,0,0,,0,1,5,0,0,0,-1,0,1,1,3,1,0,0,0,1,5,0,0,0,0,0,0,,,5,0
Trinidad and Tobago,1,0,0,0,0,5,0,0,0,0,3,0,1,3,1,1,0,0,1,0,0,0,0,0,0,0,0,1,3,0,0,0,0,5,0,0,0,0,0,1,0,0,0,0,0,0,0,0,0,0,0,0,0,0,5,0,0,1,1,0,0,,0,0,0,0,0,0,0,0,0,1,3,0,0,0,0,0,0,0,0,5,1,1,0,0,0,1,0,0,0,1,5,0,0,0,0,0,0,1,0,0,0,0,0,0,5,0,5,0,0,0,0,0,5,0,0,0,0,0,0,1,0,0,5,0,0,0,5,0,5,,0,0,0,1,0,0,0,1,0,0,0,0,0,0,0,0,0,0,0,3,0,0,0,0,5,0,0,0,0,0,0,0,0,1,3,0,0,1,0,0,0,0,,0,1,5,0,0,0,1,-1,1,1,3,1,0,0,0,1,5,0,0,0,0,0,0,,,5,0
Tunisia,1,0,0,0,0,5,0,0,0,0,3,0,1,3,1,1,0,0,1,0,0,0,0,0,0,0,0,1,3,0,0,0,0,5,0,0,0,0,0,1,0,0,0,0,0,0,0,0,0,0,0,0,0,0,5,0,0,1,1,0,0,,0,0,0,0,0,0,0,0,0,1,3,0,0,0,0,0,0,0,0,5,1,1,0,0,0,1,0,0,0,1,5,0,0,0,0,0,0,1,0,0,0,0,0,0,5,0,5,0,0,0,0,0,5,0,0,0,0,0,0,1,0,0,5,0,0,0,5,0,5,,0,0,0,1,0,0,0,1,0,0,0,0,0,0,0,0,0,0,0,3,0,0,0,0,5,0,0,0,0,0,0,0,0,1,3,0,0,1,0,0,0,0,,0,1,5,0,0,0,1,0,-1,0,3,1,0,0,0,1,5,0,0,0,0,0,0,,,5,0
Turkey,1,0,0,0,0,5,0,0,0,0,3,0,1,3,1,1,0,0,1,0,0,0,0,0,0,0,0,1,3,0,0,0,0,5,0,0,0,0,0,1,0,0,0,0,0,0,0,0,0,0,0,0,0,0,5,0,0,1,1,0,0,,0,0,0,0,0,0,0,0,0,1,3,0,0,0,0,0,0,0,0,5,1,1,0,0,0,0,0,0,0,1,5,0,0,0,0,0,0,1,0,0,0,0,0,0,5,0,5,0,0,0,0,0,5,0,0,0,0,0,0,1,0,0,5,0,0,0,5,0,5,,0,0,0,1,0,0,0,1,0,0,0,0,0,0,0,0,0,0,0,3,0,0,0,0,5,0,0,0,0,0,0,0,0,1,3,0,0,1,0,0,0,0,,0,1,5,0,0,0,1,0,1,-1,3,1,0,0,0,1,5,0,0,0,0,0,0,,,5,0
Turkmenistan,1,0,0,0,0,5,0,0,0,0,3,0,1,3,1,1,0,0,1,0,0,0,0,0,0,0,0,1,3,0,0,0,0,5,0,0,0,0,0,1,0,0,0,0,0,0,0,0,0,0,0,0,0,0,5,0,0,1,1,0,0,,0,0,0,0,0,0,0,0,0,1,3,0,0,0,0,0,0,0,0,5,1,1,0,0,0,1,0,0,0,1,5,0,0,0,0,0,0,1,0,0,0,0,0,0,5,0,5,0,0,0,0,0,5,0,0,0,0,0,0,1,0,0,5,0,0,0,5,0,5,,0,0,0,1,0,0,0,1,0,0,0,0,0,0,0,0,0,0,0,3,0,0,0,0,5,0,0,0,0,0,0,0,0,1,3,0,0,1,0,0,0,0,,0,1,5,0,0,0,1,0,1,1,-1,1,0,0,0,1,5,0,0,0,0,0,0,,,5,0
Tuvalu,1,0,0,0,0,5,0,0,0,0,3,0,1,3,1,1,0,0,1,0,0,0,0,0,0,0,0,1,3,0,0,0,0,5,0,0,0,0,0,1,0,0,0,0,0,0,0,0,0,0,0,0,0,0,5,0,0,1,1,0,0,,0,0,0,0,0,0,0,0,0,1,3,0,0,0,0,0,0,0,0,5,1,1,0,0,0,1,0,0,0,1,5,0,0,0,0,0,0,1,0,0,0,0,0,0,5,0,5,0,0,0,0,0,5,0,0,0,0,0,0,1,0,0,5,0,0,0,5,0,5,,0,0,0,1,0,0,0,1,0,0,0,0,0,0,0,0,0,0,0,3,0,0,0,0,5,0,0,0,0,0,0,0,0,1,3,0,0,1,0,0,0,0,,0,1,5,0,0,0,1,0,1,1,3,-1,0,0,0,1,5,0,0,0,0,0,0,,,5,0
Uganda,1,0,0,0,0,5,0,0,0,0,3,0,1,3,1,1,0,0,1,0,0,0,0,0,0,0,0,1,3,0,0,0,0,5,0,0,0,0,0,1,0,0,0,0,0,0,0,0,0,0,0,0,0,0,5,0,0,1,1,0,0,,0,0,0,0,0,0,0,0,0,1,3,0,0,0,0,0,0,0,0,5,1,1,0,0,0,1,0,0,0,1,5,0,0,0,0,0,0,1,0,0,0,0,0,0,5,0,5,0,0,0,0,0,5,0,0,0,0,0,0,1,0,0,5,0,0,0,5,0,5,,0,0,0,1,0,0,0,1,0,0,0,0,0,0,0,0,0,0,0,3,0,0,0,0,5,0,0,0,0,0,0,0,0,1,3,0,0,1,0,0,0,0,,0,1,5,0,0,0,1,0,1,1,3,1,-1,0,0,1,5,0,0,0,0,0,0,,,5,0
Ukraine,1,0,0,0,0,5,0,0,0,0,3,0,1,3,1,1,0,0,1,0,0,0,0,0,0,0,0,1,3,0,0,0,0,5,0,0,0,0,0,1,0,0,0,0,0,0,0,0,0,0,0,0,0,0,5,0,0,1,1,0,0,,0,0,0,0,0,0,0,0,0,1,3,0,0,0,0,0,0,0,0,5,1,1,0,0,0,1,0,0,0,1,5,0,0,0,0,0,0,1,0,0,0,0,0,0,5,0,5,0,0,0,0,0,5,0,0,0,0,0,0,1,0,0,5,0,0,0,5,0,5,,0,0,0,1,0,0,0,1,0,0,0,0,0,0,0,0,0,0,0,3,0,0,0,0,5,0,0,0,0,0,0,0,0,1,3,0,0,1,0,0,0,0,,0,1,5,0,0,0,1,0,1,0,3,1,0,-1,0,1,5,0,0,0,0,0,0,,,5,0
United Arab Emirates,1,0,0,0,0,5,0,0,0,0,3,0,1,3,1,1,0,0,1,0,0,0,0,0,0,0,0,1,3,0,0,0,0,5,0,0,0,0,0,1,0,0,0,0,0,0,0,0,0,0,0,0,0,0,5,0,0,1,1,0,0,,0,0,0,0,0,0,0,0,0,1,3,0,0,0,0,0,0,0,0,5,1,1,0,0,0,1,0,0,0,1,5,0,0,0,0,0,0,1,0,0,0,0,0,0,5,0,5,0,0,0,0,0,5,0,0,0,0,0,0,1,0,0,5,0,0,0,5,0,5,,0,0,0,1,0,0,0,1,0,0,0,0,0,0,0,0,0,0,0,0,0,0,0,0,5,0,0,0,0,0,0,0,0,1,3,0,0,1,0,0,0,0,,0,1,5,0,0,0,1,0,1,0,3,1,0,0,-1,1,5,0,0,0,0,0,0,,,5,0
United Kingdom,1,0,0,0,0,5,0,0,0,3,3,0,1,3,1,1,0,0,1,0,0,0,0,0,0,1,0,1,3,0,0,0,0,5,0,0,0,0,0,1,0,0,0,0,0,0,0,0,0,0,0,0,0,0,5,1,0,1,0,0,0,,0,0,0,0,0,1,0,0,0,1,3,0,0,0,0,1,1,0,0,5,1,1,0,5,0,0,0,0,0,1,5,0,0,0,1,0,0,1,0,0,0,5,0,0,1,0,0,0,0,0,0,0,5,0,0,0,0,0,0,1,0,0,5,0,5,0,5,0,0,,0,0,0,1,0,0,0,1,0,0,0,0,0,0,1,0,0,0,0,3,0,0,0,0,5,0,0,0,0,5,0,0,0,1,3,1,0,1,0,0,5,0,,0,1,5,0,0,0,1,0,1,1,3,1,0,0,0,-1,0,0,0,0,0,0,0,,,5,0
United States,1,0,0,0,0,0,0,0,0,0,3,0,1,3,1,1,0,0,1,0,0,0,0,0,0,0,0,1,3,0,0,0,0,5,0,0,0,0,0,1,0,0,0,0,0,0,0,0,0,0,0,0,0,0,5,0,0,1,0,0,0,,0,0,0,0,0,0,0,0,0,1,3,0,0,0,0,0,0,0,0,5,1,1,0,0,0,0,0,0,0,1,5,0,0,0,0,0,0,1,0,0,0,0,0,0,1,0,5,0,0,0,0,0,0,0,0,0,0,0,0,1,0,0,5,0,0,0,5,0,0,,0,0,0,1,0,0,0,1,0,0,0,0,0,0,0,0,0,0,0,0,0,0,0,0,5,0,0,0,0,0,0,0,0,1,3,0,0,1,0,0,0,0,,0,1,5,0,0,0,1,0,1,1,3,1,0,0,0,1,-1,0,0,0,0,0,0,,,5,0
Uruguay,1,0,0,0,0,5,0,0,0,0,3,0,1,3,1,1,0,0,1,0,0,0,0,0,0,0,0,1,3,0,0,0,0,5,0,0,0,0,0,1,0,0,0,0,0,0,0,0,0,0,0,0,0,0,5,0,0,1,1,0,0,,0,0,0,0,0,0,0,0,0,1,3,0,0,0,0,0,0,0,0,5,1,1,0,0,0,1,0,0,0,1,5,0,0,0,0,0,0,1,0,0,0,0,0,0,5,0,5,0,0,0,0,0,5,0,0,0,0,0,0,1,0,0,5,0,0,0,5,0,5,,0,0,0,1,0,0,0,1,0,0,0,0,0,0,0,0,0,0,0,3,0,0,0,0,5,0,0,0,0,0,0,0,0,1,3,0,0,1,0,0,0,0,,0,1,5,0,0,0,1,0,1,1,3,1,0,0,0,1,5,-1,0,0,0,0,0,,,5,0
Uzbekistan,1,0,0,0,0,5,0,0,0,0,3,0,1,3,1,1,0,0,1,0,0,0,0,0,0,0,0,1,3,0,0,0,0,5,0,0,0,0,0,1,0,0,0,0,0,0,0,0,0,0,0,0,0,0,5,0,0,1,1,0,0,,0,0,0,0,0,0,0,0,0,1,3,0,0,0,0,0,0,0,0,5,1,1,0,0,0,1,0,0,0,1,5,0,0,0,0,0,0,1,0,0,0,0,0,0,5,0,5,0,0,0,0,0,5,0,0,0,0,0,0,1,0,0,5,0,0,0,5,0,5,,0,0,0,1,0,0,0,1,0,0,0,0,0,0,0,0,0,0,0,3,0,0,0,0,5,0,0,0,0,0,0,0,0,1,3,0,0,1,0,0,0,0,,0,1,5,0,0,0,1,0,1,0,3,1,0,0,0,1,5,0,-1,0,0,0,0,,,5,0
Vanuatu,1,0,0,0,0,5,0,0,0,0,3,0,1,3,1,1,0,0,1,0,0,0,0,0,0,0,0,1,3,0,0,0,0,5,0,0,0,0,0,1,0,0,0,0,0,0,0,0,0,0,0,0,0,0,5,0,0,1,1,0,0,,0,0,0,0,0,0,0,0,0,1,3,0,0,0,0,0,0,0,0,5,1,1,0,0,0,1,0,0,0,1,5,0,0,0,0,0,0,1,0,0,0,0,0,0,5,0,5,0,0,0,0,0,5,0,0,0,0,0,0,1,0,0,5,0,0,0,5,0,5,,0,0,0,1,0,0,0,1,0,0,0,0,0,0,0,0,0,0,0,3,0,0,0,0,5,0,0,0,0,0,0,0,0,1,3,0,0,1,0,0,0,0,,0,1,5,0,0,0,1,0,1,1,3,1,0,0,0,1,5,0,0,-1,0,0,0,,,5,0
Vatican,1,0,0,0,0,5,0,0,0,0,3,0,1,3,1,1,0,0,1,0,0,0,0,0,0,1,0,1,3,0,0,0,0,5,0,0,0,0,0,1,0,0,0,0,0,0,0,0,0,0,0,0,0,0,5,0,0,1,1,0,0,,0,0,0,0,0,0,0,0,0,1,3,0,0,0,0,0,0,0,0,5,1,1,0,0,0,0,0,0,0,1,5,0,0,0,0,0,0,1,0,0,0,0,0,0,5,0,5,0,0,0,0,0,5,0,0,0,0,0,0,1,0,0,5,0,0,0,5,0,5,,0,0,0,1,0,0,0,1,0,0,0,0,0,0,0,0,0,0,0,3,0,0,0,0,5,0,0,0,0,0,0,0,0,1,3,0,0,1,0,0,0,0,,0,1,5,0,0,0,1,0,1,1,3,1,0,0,0,1,0,0,0,0,-1,0,0,,,5,0
Venezuela,1,0,0,0,0,5,0,0,0,0,3,0,1,3,1,1,0,0,1,0,0,0,0,0,0,0,0,1,3,0,0,0,0,5,0,0,0,0,0,1,0,0,0,0,0,0,0,0,0,0,0,0,0,0,5,0,0,1,1,0,0,,0,0,0,0,0,0,0,0,0,1,3,0,0,0,0,0,0,0,0,5,1,1,0,0,0,1,0,0,0,1,5,0,0,0,0,0,0,1,0,0,0,0,0,0,5,0,5,0,0,0,0,0,5,0,0,0,0,0,0,1,0,0,5,0,0,0,5,0,5,,0,0,0,1,0,0,0,1,0,0,0,0,0,0,0,0,0,0,0,3,0,0,0,0,5,0,0,0,0,0,0,0,0,1,3,0,0,1,0,0,0,0,,0,1,5,0,0,0,1,0,1,1,3,1,0,0,0,1,5,0,0,0,0,-1,0,,,5,0
Viet Nam,1,0,0,0,0,5,0,0,0,0,3,0,1,3,1,1,0,0,1,0,0,0,0,0,0,0,0,1,3,0,0,0,0,5,0,0,0,0,0,1,0,0,0,0,0,0,0,0,0,0,0,0,0,0,5,0,0,1,1,0,0,,0,0,0,0,0,0,0,0,0,1,3,0,0,0,0,0,0,0,0,5,1,1,0,0,0,0,0,0,0,1,5,0,0,0,0,0,0,1,0,0,0,0,0,0,5,0,5,0,0,0,0,0,5,0,0,0,0,0,0,1,0,0,5,0,0,0,5,0,5,,0,0,0,1,0,0,0,1,0,0,0,0,0,0,0,0,0,0,0,3,0,0,0,0,5,0,0,0,0,0,0,0,0,1,3,0,0,1,0,0,0,0,,0,1,5,0,0,0,1,0,1,1,3,1,0,0,0,1,5,0,0,0,0,0,-1,,,5,0
Western Sahara,1,,,,0,,,0,,0,3,,,,1,,,,,0,,,,,,,,,3,,,,0,,,,,,,1,,,,,,,,,,,,,,,,,,,1,,,,,0,,,,,0,0,,1,3,,,,,0,,,,,1,,,0,,,,0,,1,5,,,,0,0,0,1,0,0,0,0,0,0,5,0,0,,0,,,,5,,,0,,,,,,,,,,,,,,,,0,,1,,,,1,,,,,,,,,,,0,,,,,,5,,,,,,,,,,3,0,,1,,,,0,,,,5,,,,1,,1,,3,1,,0,,1,,,,,,0,,-1,,,
Yemen,1,0,0,0,0,5,0,0,0,0,3,0,1,3,1,1,0,0,1,0,0,0,0,0,0,0,0,1,3,0,0,0,0,5,0,0,0,0,0,1,0,0,0,0,0,0,0,0,0,0,0,0,0,0,5,0,0,1,1,0,0,,0,0,0,0,0,0,0,0,0,1,3,0,0,0,0,0,0,0,0,5,1,1,0,0,0,1,0,0,0,1,5,0,0,0,0,0,0,1,0,0,0,0,0,0,5,0,5,0,0,0,0,0,5,0,0,0,0,0,0,1,0,0,5,0,0,0,5,0,5,,0,0,0,1,0,0,0,1,0,0,0,0,0,0,0,0,0,0,0,3,0,0,0,0,5,0,0,0,0,0,0,0,0,1,3,0,0,1,0,0,0,0,,0,1,5,0,0,0,1,0,1,1,3,1,0,0,0,1,5,0,0,0,0,0,0,,-1,5,0
Zambia,1,0,0,0,0,5,0,0,0,0,3,0,1,3,1,1,0,0,1,0,0,0,0,0,0,0,0,1,3,0,0,0,0,5,0,0,0,0,0,1,0,0,0,0,0,0,0,0,0,0,0,0,0,0,5,0,0,1,1,0,0,,0,0,0,0,0,0,0,0,0,1,3,0,0,0,0,0,0,0,0,5,1,1,0,0,0,1,0,0,0,1,5,0,0,0,0,0,0,1,0,0,0,0,0,0,5,0,5,0,0,0,0,0,5,0,0,0,0,0,0,1,0,0,5,0,0,0,5,0,5,,0,0,0,1,0,0,0,1,0,0,0,0,0,0,0,0,0,0,0,3,0,0,0,0,5,0,0,0,0,0,0,0,0,1,3,0,0,1,0,0,0,0,,0,1,5,0,0,0,1,0,1,1,3,1,0,0,0,1,5,0,0,0,0,0,0,,,-1,0
Zimbabwe,1,0,0,0,0,5,0,0,0,0,3,0,1,3,1,1,0,0,1,0,0,0,0,0,0,0,0,1,3,0,0,0,0,5,0,0,0,0,0,1,0,0,0,0,0,0,0,0,0,0,0,0,0,0,5,0,0,1,1,0,0,,0,0,0,0,0,0,0,0,0,1,3,0,0,0,0,0,0,0,0,5,1,1,0,0,0,1,0,0,0,1,5,0,0,0,0,0,0,1,0,0,0,0,0,0,5,0,5,0,0,0,0,0,5,0,0,0,0,0,0,1,0,0,5,0,0,0,5,0,5,,0,0,0,1,0,0,0,1,0,0,0,0,0,0,0,0,0,0,0,3,0,0,0,0,5,0,0,0,0,0,0,0,0,1,3,0,0,1,0,0,0,0,,0,1,5,0,0,0,1,0,1,1,3,1,0,0,0,1,5,0,0,0,0,0,0,,,5,-1
